Tweet Link,Author Handle,Tweet Content,Views,Likes,Retweets,Replies,Tweet Creation Date,Scraped Date
https://x.com/sennin_ai/status/2007759409510805983,"sennin_ai","We tried to stop it from overthinking.

We failed.",193363,53,3,3,2026-01-06T16:08:22.874+00:00,2026-01-06T16:08:44.729686+00:00
https://x.com/Thegal121183753/status/2008569034791678052,"Thegal121183753","Waw",0,0,0,0,2026-01-06T15:59:09+00:00,2026-01-06T16:08:44.729686+00:00
https://x.com/Quintin24/status/2008568608407121981,"Quintin24","@grok
 who is he?",11,0,0,1,2026-01-06T15:57:28+00:00,2026-01-06T16:08:44.729686+00:00
https://x.com/Jla1905/status/2008564768710545550,"Jla1905","@grok
 make him bald and resemble Enzo Maresca.",22,0,0,1,2026-01-06T15:42:12+00:00,2026-01-06T16:08:44.729686+00:00
https://x.com/Shmurk__zw/status/2008556456170471513,"Shmurk__zw","@grok
 remove Liam rosenior name and put Arnold Masoha",23,0,0,1,2026-01-06T15:09:10+00:00,2026-01-06T16:08:44.729686+00:00
https://x.com/iamYarri/status/2008550918539837441,"iamYarri","I predicted this
They need some one they can control without him battling and eye.
They need a 'yes sir' man",5,1,0,0,2026-01-06T14:47:10+00:00,2026-01-06T16:08:44.729686+00:00
https://x.com/Officialcruiz2/status/2008550283832611105,"Officialcruiz2","@grok
 what is the likes count?",10,0,0,1,2026-01-06T14:44:39+00:00,2026-01-06T16:08:44.729686+00:00
https://x.com/kentskennedy/status/2008549801722556522,"kentskennedy","@grok
 just lol  it will end tears",16,0,0,1,2026-01-06T14:42:44+00:00,2026-01-06T16:08:44.729686+00:00
https://x.com/kunlekay2002/status/2008548718166110665,"kunlekay2002","@grok
 who is Liam?",14,0,0,1,2026-01-06T14:38:26+00:00,2026-01-06T16:08:44.729686+00:00
https://x.com/callmesimzy/status/2008546009237065964,"callmesimzy","@grok
 who is this guy and what's his achievements in football",20,0,0,1,2026-01-06T14:27:40+00:00,2026-01-06T16:08:44.729686+00:00
https://x.com/OKHASEME1/status/2008545146242298129,"OKHASEME1","Well, hope this new coach meets the expectation of the board and fans. Big coaches tend to turn down the chelsea job offer.",8,0,0,0,2026-01-06T14:24:14+00:00,2026-01-06T16:08:44.729686+00:00
https://x.com/ade_square01/status/2008544786920427907,"ade_square01","Chelsea always sign coaches for 6 and half years before they'll fire them a year later after disastrous campaign. I pray he managed to see till December end as Chelsea coach before they sack him.",13,1,1,0,2026-01-06T14:22:48+00:00,2026-01-06T16:08:44.729686+00:00
https://x.com/CesarWazen/status/2008544396606926871,"CesarWazen","I give him till the next international break, march max",12,1,0,0,2026-01-06T14:21:15+00:00,2026-01-06T16:08:44.729686+00:00
https://x.com/Sukari_zw/status/2008541220168192195,"Sukari_zw","@grok
 tell us about this new head coach for chelsea",12,0,0,1,2026-01-06T14:08:38+00:00,2026-01-06T16:08:44.729686+00:00
https://x.com/Abk_Ilyas03/status/2008540395190522290,"Abk_Ilyas03","What's the probability of him being sacked before june on a scale of 1-10? 
@grok",18,0,0,1,2026-01-06T14:05:21+00:00,2026-01-06T16:08:44.729686+00:00
https://x.com/omo_ola_eluku/status/2008539513547784552,"omo_ola_eluku","@grok
 what‚Äôs this man biography?",15,0,0,1,2026-01-06T14:01:51+00:00,2026-01-06T16:08:44.729686+00:00
https://x.com/fuying8988/status/2008524594966393287,"fuying8988","Win-win cooperation, surprises.",10,1,0,0,2026-01-06T13:02:34+00:00,2026-01-06T16:08:44.729686+00:00
https://x.com/Adetexas1/status/2008515775880196340,"Adetexas1","No way they gave this random dude 6 years contract ",30,1,0,0,2026-01-06T12:27:32+00:00,2026-01-06T16:08:44.729686+00:00
https://x.com/devaaaang/status/2008513173562007937,"devaaaang","6 years & half contract like they won‚Äôt sack him before 2027",27,3,0,0,2026-01-06T12:17:11+00:00,2026-01-06T16:08:44.729686+00:00
https://x.com/devaaaang/status/2008513073011978348,"devaaaang","Six and a half years at Chelsea? bold. very bold. see you in november.",30,3,0,0,2026-01-06T12:16:47+00:00,2026-01-06T16:08:44.729686+00:00
https://x.com/KloutBox/status/2008504050187206938,"KloutBox","Liam Rosenior‚Äôs coaching and managerial experience 

Brighton ‚Äì Under-23 Assistant Coach

Derby County ‚Äì Specialist First-Team Coach
‚Äì Joined Derby in July 2019 as part of Phillip Cocu‚Äôs coaching staff.

Derby County ‚Äì Assistant Manager
‚Äì Promoted to assistant manager under Wayne",1236,3,1,8,2026-01-06T11:40:56+00:00,2026-01-06T16:08:44.729686+00:00
https://x.com/Timzyyofweb3/status/2008503471306404049,"Timzyyofweb3","Just get me tulchel back pls",52,1,0,0,2026-01-06T11:38:38+00:00,2026-01-06T16:08:44.729686+00:00
https://x.com/MA_CAULAY/status/2008502966932914350,"MA_CAULAY","This one will not last up to six months at Chelsea 
Bookmark this",19,2,0,0,2026-01-06T11:36:38+00:00,2026-01-06T16:08:44.729686+00:00
https://x.com/selfupgrade222/status/2008501524557971950,"selfupgrade222","A bold call and a long-term vision.
Chelsea aren‚Äôt just hiring a coach  they‚Äôre backing a belief, patience, and a future built with purpose. Now the real journey begins",249,0,0,0,2026-01-06T11:30:54+00:00,2026-01-06T16:08:44.729686+00:00
https://x.com/UniqueBeliefs/status/2008499733481091547,"UniqueBeliefs","Chelsea are always on weed 
6 yrs for a coach?
In less than 1yr 
Club Statement: Liam Rosenior",4756,48,1,2,2026-01-06T11:23:47+00:00,2026-01-06T16:08:44.729686+00:00
https://x.com/haniya_445/status/2008499188745806272,"haniya_445","A long contract signals belief in the project, now consistency and results have to follow.",9,1,0,0,2026-01-06T11:21:37+00:00,2026-01-06T16:08:44.729686+00:00
https://x.com/kainejohnson18/status/2008498523344695675,"kainejohnson18","Our coach Liam Rosenior is Young and Handsome... ..",771,0,0,4,2026-01-06T11:18:58+00:00,2026-01-06T16:08:44.729686+00:00
https://x.com/mikeoriv/status/2008497990819049875,"mikeoriv","You can already tell when a coach will be sacked before the end of the year",187,1,0,1,2026-01-06T11:16:51+00:00,2026-01-06T16:08:44.729686+00:00
https://x.com/Mqammy_Enhle/status/2008497419261186324,"Mqammy_Enhle","Six year I don‚Äôt see him reach that with their pacebut time will tell",119,5,0,1,2026-01-06T11:14:35+00:00,2026-01-06T16:08:44.729686+00:00
https://x.com/saasbyMohd/status/2008496934479425985,"saasbyMohd","@grok
 six and a half years is wild 

either they‚Äôre finally committing to a long-term project or we‚Äôre getting another ‚Äúmutual consent‚Äù tweet in 18 months",15,1,0,1,2026-01-06T11:12:39+00:00,2026-01-06T16:08:44.729686+00:00
https://x.com/Arch_Afric/status/2008496752073343015,"Arch_Afric","Will be sacked before BTC goes back to $120k",5,2,0,0,2026-01-06T11:11:56+00:00,2026-01-06T16:08:44.729686+00:00
https://x.com/Starlight_Scrib/status/2008496437232042189,"Starlight_Scrib","That‚Äôs Memphis Depay ",392,8,0,0,2026-01-06T11:10:41+00:00,2026-01-06T16:08:44.729686+00:00
https://x.com/SmartKid0808/status/2008496024814579747,"SmartKid0808","Liam Rosenior, has never won three consecutive matches in his managerial career",1570,18,0,2,2026-01-06T11:09:03+00:00,2026-01-06T16:08:44.729686+00:00
https://x.com/BushiSays/status/2008495902802243970,"BushiSays","A 6.5-year deal means commitment, patience, and a proper rebuild. Backing Rosenior long term could finally bring consistency and a clear identity back to the club. Exciting times ahead  ",443,0,0,0,2026-01-06T11:08:33+00:00,2026-01-06T16:08:44.729686+00:00
https://x.com/selor/status/2008494783715831998,"selor","Chelsea board waiting for a setback to bring in someone else",253,4,0,2,2026-01-06T11:04:07+00:00,2026-01-06T16:08:44.729686+00:00
https://x.com/vikogami/status/2008494677042045042,"vikogami","6 year contract. Businessmen in Chelsea got to be the most nonsensical",25,1,0,0,2026-01-06T11:03:41+00:00,2026-01-06T16:08:44.729686+00:00
https://x.com/CityBoyABJ/status/2008493969152635376,"CityBoyABJ","He doesn't know the mistake he just made but he will realize in 12 mint time ",173,2,0,0,2026-01-06T11:00:52+00:00,2026-01-06T16:08:44.729686+00:00
https://x.com/Omebu014/status/2008493606974468399,"Omebu014","@grok
 who is Liam Rosenior?",72,1,0,2,2026-01-06T10:59:26+00:00,2026-01-06T16:08:44.729686+00:00
https://x.com/FrancCfc/status/2008493158703989051,"FrancCfc","We are pleased to welcome you to the best club in the world.

You will succeed in everything tactics you bring. Best of luck",112,1,0,0,2026-01-06T10:57:39+00:00,2026-01-06T16:08:44.729686+00:00
https://x.com/messiahreborn77/status/2008492863353757746,"messiahreborn77","6years but will be sacked after 6months ",113,2,0,1,2026-01-06T10:56:29+00:00,2026-01-06T16:08:44.729686+00:00
https://x.com/Savageqeed/status/2008492796446146933,"Savageqeed","What's this dude's coaching credibility?",73,1,0,0,2026-01-06T10:56:13+00:00,2026-01-06T16:08:44.729686+00:00
https://x.com/The_Capraa/status/2008492697531937214,"The_Capraa","This guy is getting sacked before the season is over",26,2,0,2,2026-01-06T10:55:49+00:00,2026-01-06T16:08:44.729686+00:00
https://x.com/mysportdabng/status/2008492438437196039,"mysportdabng","Ladies and gentlemen Rosenior ball ",10,1,0,0,2026-01-06T10:54:47+00:00,2026-01-06T16:08:44.729686+00:00
https://x.com/Dollar__SM/status/2008492400386416978,"Dollar__SM","Six years",240,0,0,0,2026-01-06T10:54:38+00:00,2026-01-06T16:08:44.729686+00:00
https://x.com/Omondimikeoo/status/2008491608715796804,"Omondimikeoo","Done and dusted.  Welcome to Chelsea Fc Liam Rosenior",59,1,0,0,2026-01-06T10:51:30+00:00,2026-01-06T16:08:44.729686+00:00
https://x.com/BigRaw252/status/2008491336081793140,"BigRaw252","Chelsea giving a manager a contract until 2032 is like me promising to go gym in January. We all know how it ends ",16,2,1,0,2026-01-06T10:50:25+00:00,2026-01-06T16:08:44.729686+00:00
https://x.com/Mugamb_ii/status/2008491236114776197,"Mugamb_ii","The Kenyan will see dust in the EPL",78,1,0,0,2026-01-06T10:50:01+00:00,2026-01-06T16:08:44.729686+00:00
https://x.com/BigRaw252/status/2008491049774403779,"BigRaw252","",11,1,1,0,2026-01-06T10:49:16+00:00,2026-01-06T16:08:44.729686+00:00
https://x.com/BigRaw252/status/2008491022393966850,"BigRaw252","",63,1,1,0,2026-01-06T10:49:10+00:00,2026-01-06T16:08:44.729686+00:00
https://x.com/zirk_ee/status/2008490744756277547,"zirk_ee","Six years of cooking... Ohhh I will be there.",20,1,0,0,2026-01-06T10:48:04+00:00,2026-01-06T16:08:44.729686+00:00
https://x.com/n2xsol/status/2008490231692210275,"n2xsol","dafuq is this guy?",70,4,1,1,2026-01-06T10:46:01+00:00,2026-01-06T16:08:44.729686+00:00
https://x.com/Ever_Vee2/status/2008490178479014396,"Ever_Vee2","This strikes me as the longest contract ever, 6 whole years??

Doesn't this feel like Chelsea telling us ""we are tired of sacking managers""?  

Let's see how this plays out by the way.",106,3,1,1,2026-01-06T10:45:49+00:00,2026-01-06T16:08:44.729686+00:00
https://x.com/wavymff/status/2008490106857157015,"wavymff","ei",78,1,0,0,2026-01-06T10:45:32+00:00,2026-01-06T16:08:44.729686+00:00
https://x.com/opimpibar1/status/2008489961935540401,"opimpibar1","Chelsea fans‚Ä¶what are your honest thoughts on this one???",67,2,1,0,2026-01-06T10:44:57+00:00,2026-01-06T16:08:44.729686+00:00
https://x.com/Sir_Oteey/status/2008489085766430853,"Sir_Oteey","Bald has been replaced with hair

Without glasses has been replaced with glasses

But same old, same old",32,2,1,0,2026-01-06T10:41:28+00:00,2026-01-06T16:08:44.729686+00:00
https://x.com/g_ndamwe/status/2008488953184465101,"g_ndamwe","He will soon find out",71,1,0,0,2026-01-06T10:40:57+00:00,2026-01-06T16:08:44.729686+00:00
https://x.com/Kershaw444/status/2008488784900616696,"Kershaw444","Championship manager",477,2,0,2,2026-01-06T10:40:16+00:00,2026-01-06T16:08:44.729686+00:00
https://x.com/LexMccarty/status/2008488647415488536,"LexMccarty","He will be the second black to coach Chelsea",12,0,0,0,2026-01-06T10:39:44+00:00,2026-01-06T16:08:44.729686+00:00
https://x.com/cylodeman/status/2008488253893063073,"cylodeman","Asking Chelsea football club to stick with a manager for the long haul is like asking a leopard to change it's skin",62,1,0,0,2026-01-06T10:38:10+00:00,2026-01-06T16:08:44.729686+00:00
https://x.com/ADHOnChain/status/2008488213325955202,"ADHOnChain","Six-and-a-half years is massive in modern football ‚Äî shows Chelsea want stability and a long-term project.
Interesting to see how Rosenior shapes the team over that period.",105,1,0,0,2026-01-06T10:38:00+00:00,2026-01-06T16:08:44.729686+00:00
https://x.com/iamcheropmark/status/2008488126260670800,"iamcheropmark","Like if you know he won't finish 2 Years in charge ",131,2,0,0,2026-01-06T10:37:39+00:00,2026-01-06T16:08:44.729686+00:00
https://x.com/alawodemofi/status/2008488110473310602,"alawodemofi","",89,1,0,0,2026-01-06T10:37:36+00:00,2026-01-06T16:08:44.729686+00:00
https://x.com/AfcN5Charles/status/2008488092664295774,"AfcN5Charles","I hope he is ready for the pressure that comes with this club and league. Hopefully he lasts. 

Goodluck to him.",326,1,0,0,2026-01-06T10:37:31+00:00,2026-01-06T16:08:44.729686+00:00
https://x.com/AnalystAdekola/status/2008487938909462836,"AnalystAdekola","Welcome Liam 

Meanwhile, I wrote a message to Cristiano Ronaldo",748,0,0,0,2026-01-06T10:36:55+00:00,2026-01-06T16:08:44.729686+00:00
https://x.com/lynn130415/status/2008487327547748685,"lynn130415","Six and half contract . Chelsea board are so dvmb bro. This mid coach would be sacked before December",323,7,1,1,2026-01-06T10:34:29+00:00,2026-01-06T16:08:44.729686+00:00
https://x.com/JerryFCB_96/status/2008487233201074465,"JerryFCB_96","Liam Delap no dey see top 
You go carry Liam Rosalinda ",471,6,0,0,2026-01-06T10:34:06+00:00,2026-01-06T16:08:44.729686+00:00
https://x.com/Fife_Utensils/status/2008487100291895563,"Fife_Utensils","2032?

Chelsea are just deceiving themselves.

Give him a short contract, and if he performs to expectation, increase.",143,2,0,0,2026-01-06T10:33:35+00:00,2026-01-06T16:08:44.729686+00:00
https://x.com/cryptic_caller/status/2008486906796142675,"cryptic_caller","After 1 month in the epl",111,4,0,0,2026-01-06T10:32:49+00:00,2026-01-06T16:08:44.729686+00:00
https://x.com/BenjaminTh41948/status/2008486810285207830,"BenjaminTh41948","Six-and-a-half years is serious trust. Let‚Äôs see what Rosenior can build.",885,1,0,1,2026-01-06T10:32:26+00:00,2026-01-06T16:08:44.729686+00:00
https://x.com/MaikaramaWeb3/status/2008486785253572669,"MaikaramaWeb3","Is there chance for other players like Sterling to be integrated into the squad now?",12,1,0,0,2026-01-06T10:32:20+00:00,2026-01-06T16:08:44.729686+00:00
https://x.com/DanielofTruth/status/2008486630865383794,"DanielofTruth","I bet he won't last a year with Chelsea",76,3,0,1,2026-01-06T10:31:43+00:00,2026-01-06T16:08:44.729686+00:00
https://x.com/Cryptosaga001/status/2008486618970345595,"Cryptosaga001","Chelsea is already a success",30,0,0,0,2026-01-06T10:31:40+00:00,2026-01-06T16:08:44.729686+00:00
https://x.com/Xperience_Snr/status/2008486513072632315,"Xperience_Snr","OFFICIA:

Chelsea football club have announced the departure of head coach Liam Souvenir. 

September, 2027.",1879,1,0,1,2026-01-06T10:31:15+00:00,2026-01-06T16:08:44.729686+00:00
https://x.com/ManUtdEraHQ/status/2008486456638271785,"ManUtdEraHQ","His stay in Hull City:

Games Managed: 78 
Games Won: 27 
Games Lost: 28 
Games Drawn: 23

Chelsea now out of top 4 race",187,2,0,1,2026-01-06T10:31:01+00:00,2026-01-06T16:08:44.729686+00:00
https://x.com/mydevilsopinion/status/2008486399021047849,"mydevilsopinion","He‚Äôs here and he‚Äôs sh1t ",42,2,0,0,2026-01-06T10:30:48+00:00,2026-01-06T16:08:44.729686+00:00
https://x.com/Wundakid49/status/2008486224076697643,"Wundakid49","Welcome Liam",123,0,0,0,2026-01-06T10:30:06+00:00,2026-01-06T16:08:44.729686+00:00
https://x.com/Jesse_2977/status/2008486205877612693,"Jesse_2977","",37,1,0,0,2026-01-06T10:30:02+00:00,2026-01-06T16:08:44.729686+00:00
https://x.com/Jesse_2977/status/2008486165322887322,"Jesse_2977","Eat",33,1,0,0,2026-01-06T10:29:52+00:00,2026-01-06T16:08:44.729686+00:00
https://x.com/Iamaduura1/status/2008486160696570345,"Iamaduura1","Chelsea went to sign Memphis delay as coach ",14555,142,0,6,2026-01-06T10:29:51+00:00,2026-01-06T16:08:44.729686+00:00
https://x.com/Donmarvey1212/status/2008486123769917481,"Donmarvey1212","This won't last and he will be sacked again 

Meanwhile have you seen $Noya 
@NetworkNoya
 ?",56,1,0,0,2026-01-06T10:29:42+00:00,2026-01-06T16:08:44.729686+00:00
https://x.com/YaGunnerss/status/2008485914930979034,"YaGunnerss","I bet he can‚Äôt last 6 months.",122,2,0,0,2026-01-06T10:28:52+00:00,2026-01-06T16:08:44.729686+00:00
https://x.com/Lifesucksffs/status/2008485901606023491,"Lifesucksffs","Heeeh,let‚Äôs see what he has to offer Chelsea!",87,1,0,0,2026-01-06T10:28:49+00:00,2026-01-06T16:08:44.729686+00:00
https://x.com/therealjisboy/status/2008485869645427059,"therealjisboy","Una don deceive this one with 6years contract.",26,0,0,0,2026-01-06T10:28:41+00:00,2026-01-06T16:08:44.729686+00:00
https://x.com/real_nkay001/status/2008485829040292144,"real_nkay001","Six years",163,2,0,0,2026-01-06T10:28:32+00:00,2026-01-06T16:08:44.729686+00:00
https://x.com/Tanshi_sri/status/2008485780176728566,"Tanshi_sri","A 6.5-year contract in modern football is the real shock here ",1728,2,0,0,2026-01-06T10:28:20+00:00,2026-01-06T16:08:44.729686+00:00
https://x.com/newton_wachiye/status/2008485778108698716,"newton_wachiye","Great",1113,2,0,0,2026-01-06T10:28:20+00:00,2026-01-06T16:08:44.729686+00:00
https://x.com/Dahlia_800/status/2008485737805807645,"Dahlia_800","congrats on the new coach",39,1,0,0,2026-01-06T10:28:10+00:00,2026-01-06T16:08:44.729686+00:00
https://x.com/WinsLFC/status/2008485722873827478,"WinsLFC","Congrats Chelsea.
The last of the terrible three is looking at you.
Liverpool do your thing.",1682,26,0,1,2026-01-06T10:28:06+00:00,2026-01-06T16:08:44.729686+00:00
https://x.com/real_nkay001/status/2008485710702252381,"real_nkay001","Nooo",199,1,0,0,2026-01-06T10:28:03+00:00,2026-01-06T16:08:44.729686+00:00
https://x.com/DBR1804/status/2008485613516058852,"DBR1804","1 year later ;",699,3,0,0,2026-01-06T10:27:40+00:00,2026-01-06T16:08:44.729686+00:00
https://x.com/CharlzFCB/status/2008485568490184798,"CharlzFCB","Welcome to the WORST TEAM ITW",809,2,0,0,2026-01-06T10:27:30+00:00,2026-01-06T16:08:44.729686+00:00
https://x.com/I1_4PF/status/2008485553944359400,"I1_4PF","How many years does he last you reckon!?",52,1,0,0,2026-01-06T10:27:26+00:00,2026-01-06T16:08:44.729686+00:00
https://x.com/eetz_naheem/status/2008485509480280443,"eetz_naheem","The best manager has arrived and he‚Äôll win the UCL before Farteta",197,0,0,0,2026-01-06T10:27:15+00:00,2026-01-06T16:08:44.729686+00:00
https://x.com/Yesandyou_/status/2008485504929722827,"Yesandyou_","congrats to rosenior on new role",39,0,0,0,2026-01-06T10:27:14+00:00,2026-01-06T16:08:44.729686+00:00
https://x.com/buildwithjulius/status/2008485488110268593,"buildwithjulius","Wait‚Ä¶ until 2032? Chelsea really going all in on Rosenior ",1439,1,0,1,2026-01-06T10:27:10+00:00,2026-01-06T16:08:44.729686+00:00
https://x.com/sackey_james6/status/2008485482255315214,"sackey_james6","Dont play this guy",1166,12,2,2,2026-01-06T10:27:09+00:00,2026-01-06T16:08:44.729686+00:00
https://x.com/nasty2ways/status/2008485460616618460,"nasty2ways","Already better than pep and Arteta combined",5006,17,0,2,2026-01-06T10:27:04+00:00,2026-01-06T16:08:44.729686+00:00
https://x.com/DfineA25/status/2008485451276190158,"DfineA25","What a fine man lmao ",407,0,0,1,2026-01-06T10:27:02+00:00,2026-01-06T16:08:44.729686+00:00
https://x.com/beleouq/status/2008485449795330442,"beleouq","Tor
Let‚Äôs see what this one have to offer
Wishing them the best yeah",37,1,0,0,2026-01-06T10:27:01+00:00,2026-01-06T16:08:44.729686+00:00
https://x.com/DrVaries/status/2008485420401836095,"DrVaries","Chelsea missed it again. Imagine signing a mid manager who has only 7 wins in 17 games at Strasbourg . Anyways, Chelsea‚Äôs loss is my happiness .",10017,33,1,5,2026-01-06T10:26:54+00:00,2026-01-06T16:08:44.729686+00:00
https://x.com/duna_mix/status/2008485412684374094,"duna_mix","W",23,0,0,0,2026-01-06T10:26:52+00:00,2026-01-06T16:08:44.729686+00:00
https://x.com/thekingsmanUG/status/2008485405092458877,"thekingsmanUG","How are these games ending!??

Register with @secretbet_com via 
http://
slim.link/LKjfvt6 for best odds and bonuses

Promocode; FIR256",729,0,0,0,2026-01-06T10:26:51+00:00,2026-01-06T16:08:44.729686+00:00
https://x.com/a786r/status/2008485404471939454,"a786r","Impressive,
Rosenior made over 380 senior appearances, playing for clubs including:
Bristol City
Fulham
Reading
Hull City
Brighton & Hove Albion
He featured in the Premier League and Championship, earning 7 England U21 caps.",7275,7,1,3,2026-01-06T10:26:50+00:00,2026-01-06T16:08:44.729686+00:00
https://x.com/lhevelz_vondee/status/2008485401586253979,"lhevelz_vondee","Watching",1137,6,1,0,2026-01-06T10:26:50+00:00,2026-01-06T16:08:44.729686+00:00
https://x.com/preshobas2022/status/2008485400910938451,"preshobas2022","Wow",1471,3,0,0,2026-01-06T10:26:50+00:00,2026-01-06T16:08:44.729686+00:00
https://x.com/victorexecutive/status/2008485399115465147,"victorexecutive","Six year and half contract for the new coach",976,6,0,0,2026-01-06T10:26:49+00:00,2026-01-06T16:08:44.729686+00:00
https://x.com/Emexactive/status/2008485397332996289,"Emexactive","Ok",1478,2,0,0,2026-01-06T10:26:49+00:00,2026-01-06T16:08:44.729686+00:00
https://x.com/bmsquantum/status/2008485394053202311,"bmsquantum","Massive move",375,1,0,0,2026-01-06T10:26:48+00:00,2026-01-06T16:08:44.729686+00:00
https://x.com/MrSoofwa/status/2008485389326061702,"MrSoofwa","Chelsea announce the appointment of Liam Rosenior as head coach ",3110,11,1,1,2026-01-06T10:26:47+00:00,2026-01-06T16:08:44.729686+00:00
https://x.com/Baily_____/status/2008485389984833778,"Baily_____","We",928,2,0,0,2026-01-06T10:26:47+00:00,2026-01-06T16:08:44.729686+00:00
https://x.com/lhevelz_vondee/status/2008485382405636427,"lhevelz_vondee","Ok",4602,7,1,1,2026-01-06T10:26:45+00:00,2026-01-06T16:08:44.729686+00:00
https://x.com/mangoappsinc/status/957372469500760064,"mangoappsinc","Tired of Sharepoint complexity? Adoption is Low? Need access to your Intranet from Mobile? See how companies are replacing Sharepoint with MangoApps Intranet & Portal software.  Book a personalized demo or start a trial today! 
https://
mangoapps.com
/?twclid=218b1dwhcnjx84thyhhitzsktr",0,183,55,15,2026-01-06T16:08:09.986+00:00,2026-01-06T16:08:14.639533+00:00
https://x.com/HydrexFi/status/2006013300002500698,"HydrexFi","Trade, grow, and earn on Base with Hydrex.",9996,3,1,0,2026-01-06T16:08:09.884+00:00,2026-01-06T16:08:14.639533+00:00
https://x.com/Guardsquare/status/2002131249637540173,"Guardsquare","OWASP MASVS and MASTG set the global bar for mobile app security. Guardsquare helps you meet and exceed those standards, fast.",249927,39,2,0,2026-01-06T16:07:50.28+00:00,2026-01-06T16:08:14.639533+00:00
https://x.com/sirbastianjr/status/2008571095310627279,"sirbastianjr","@grok
 who is this",3,0,0,1,2026-01-06T16:07:21+00:00,2026-01-06T16:08:14.639533+00:00
https://x.com/MaxKingJ/status/2008567995854188903,"MaxKingJ","@grok
 kindly give me a heads up on this new Chelsea's coach, touching briefly his playing days, his coaching career and more importantly his tactical ideology.",15,0,0,1,2026-01-06T15:55:02+00:00,2026-01-06T16:08:14.639533+00:00
https://x.com/MaryamMecca/status/2008562878509707699,"MaryamMecca","@grok
  apakah itu ayah Memphis depay?",23,0,0,1,2026-01-06T15:34:42+00:00,2026-01-06T16:08:14.639533+00:00
https://x.com/Riicopl/status/2008559493777682667,"Riicopl","I thought it was Memphis Depay ",2,0,0,0,2026-01-06T15:21:15+00:00,2026-01-06T16:08:14.639533+00:00
https://x.com/JoshuaUmoh9/status/2008550622199697564,"JoshuaUmoh9","Memphis depay as a coach",14,0,0,0,2026-01-06T14:46:00+00:00,2026-01-06T16:08:14.639533+00:00
https://x.com/SaheedOlaSalami/status/2008548527136534666,"SaheedOlaSalami","The contract would be terminated between now and ending of 2028.",11,0,0,0,2026-01-06T14:37:40+00:00,2026-01-06T16:08:14.639533+00:00
https://x.com/msm_samuel/status/2008545075614413198,"msm_samuel","The contract will be terminated before the end of the year. Wait and see",7,0,0,0,2026-01-06T14:23:57+00:00,2026-01-06T16:08:14.639533+00:00
https://x.com/Ogbeni_Gryn/status/2008543202211754383,"Ogbeni_Gryn","Person wey we go sack before this year end ",23,1,0,0,2026-01-06T14:16:30+00:00,2026-01-06T16:08:14.639533+00:00
https://x.com/eddympuuga/status/2008542806386896948,"eddympuuga","Pure example of garbage in garbage out",11,1,0,0,2026-01-06T14:14:56+00:00,2026-01-06T16:08:14.639533+00:00
https://x.com/sambo2690/status/2008539774056075302,"sambo2690","Gone in 18 months",6,1,0,1,2026-01-06T14:02:53+00:00,2026-01-06T16:08:14.639533+00:00
https://x.com/Stonkfather2021/status/2008521187832529377,"Stonkfather2021","Sacked in 6 months and ¬£20m pay out ",36,1,0,0,2026-01-06T12:49:02+00:00,2026-01-06T16:08:14.639533+00:00
https://x.com/legend_sliva_21/status/2008520745895563580,"legend_sliva_21","Why do they give 6 years to a manger who they are going to fire in a year or two? 
Don‚Äôt they have to pay a lot of compensation for breaking longer contracts.",52,1,0,0,2026-01-06T12:47:16+00:00,2026-01-06T16:08:14.639533+00:00
https://x.com/sjhard1975/status/2008515447709462571,"sjhard1975","Haha gone within 12m with massive payout!! Money laundering at blueco",21,1,0,0,2026-01-06T12:26:13+00:00,2026-01-06T16:08:14.639533+00:00
https://x.com/utdstrime/status/2008511349891223653,"utdstrime","mf that's Memphis Depay, you can't convince me otherwise.",181,2,0,0,2026-01-06T12:09:56+00:00,2026-01-06T16:08:14.639533+00:00
https://x.com/OEpenusi/status/2008511143313338658,"OEpenusi","Oya now",127,2,0,0,2026-01-06T12:09:07+00:00,2026-01-06T16:08:14.639533+00:00
https://x.com/don_mike1/status/2008510854871068881,"don_mike1","@grok
 remove the best coach here. Let‚Äôs see. ",539,1,0,2,2026-01-06T12:07:58+00:00,2026-01-06T16:08:14.639533+00:00
https://x.com/Investor_MoeZiz/status/2008509981847683477,"Investor_MoeZiz","Welcome liam postinior, goodluck",19,1,0,0,2026-01-06T12:04:30+00:00,2026-01-06T16:08:14.639533+00:00
https://x.com/Gremistao1903/status/2008508680925573435,"Gremistao1903","Rapaz o Chelsea chamou o MEMPHIS DEPAY para t√©cnico‚Ä¶ ",170,2,0,0,2026-01-06T11:59:20+00:00,2026-01-06T16:08:14.639533+00:00
https://x.com/iamossy_/status/2008508631655059536,"iamossy_","Six year and half contract  only to be sacked on new year's day in 2027.",102,1,0,1,2026-01-06T11:59:08+00:00,2026-01-06T16:08:14.639533+00:00
https://x.com/cityguru003/status/2008508355502108725,"cityguru003","The same guy?? ",62,3,1,1,2026-01-06T11:58:02+00:00,2026-01-06T16:08:14.639533+00:00
https://x.com/YoRhage/status/2008505408277934298,"YoRhage","Very unserious club. It‚Äôs looking like money laundering at this point 
Give a man a 6 year contract only to sack him in 6 months.",504,5,1,0,2026-01-06T11:46:20+00:00,2026-01-06T16:08:14.639533+00:00
https://x.com/King__Lekan/status/2008504109717155958,"King__Lekan","He looks like Memphis Depay ",218,1,0,0,2026-01-06T11:41:10+00:00,2026-01-06T16:08:14.639533+00:00
https://x.com/_priest___/status/2008504009817289133,"_priest___","Why does he look like Memphis Depay?",95,2,0,0,2026-01-06T11:40:46+00:00,2026-01-06T16:08:14.639533+00:00
https://x.com/auxigen3/status/2008503912463258065,"auxigen3","People who are in charge of handing out contracts in Chelsea might just be onto something fishy financial stuffs ‚Ä¶‚Ä¶. 7 years really ",953,10,1,3,2026-01-06T11:40:23+00:00,2026-01-06T16:08:14.639533+00:00
https://x.com/BareSportsHQ/status/2008503791734169833,"BareSportsHQ","One interesting fact about Liam Rosenior is that in August (during his time at Strasbourg), he became the first manager in Europe‚Äôs top five leagues to field a starting XI where every player was born in the 2000s, with an average team age of just 20 years and 283 days in a Ligue",1632,2,0,0,2026-01-06T11:39:54+00:00,2026-01-06T16:08:14.639533+00:00
https://x.com/OfficiaEdoOsasB/status/2008503303261597738,"OfficiaEdoOsasB","It shouldn't be more than two years ",84,1,1,0,2026-01-06T11:37:58+00:00,2026-01-06T16:08:14.639533+00:00
https://x.com/Romy__Czne/status/2008503110743060898,"Romy__Czne","Six and a half years under contract‚Ä¶ in one year, he‚Äôll be gone.",55,2,0,0,2026-01-06T11:37:12+00:00,2026-01-06T16:08:14.639533+00:00
https://x.com/abhaypandeyjour/status/2008502176524759160,"abhaypandeyjour","@grok
 full news",5945,0,0,1,2026-01-06T11:33:29+00:00,2026-01-06T16:08:14.639533+00:00
https://x.com/toshine4u/status/2008501408342196474,"toshine4u","Congratulations  to  Chelsea for this transfer",616,0,0,0,2026-01-06T11:30:26+00:00,2026-01-06T16:08:14.639533+00:00
https://x.com/BigDogGottaEat/status/2008501023338623315,"BigDogGottaEat","Hey 
@grok
 remove winners from this photo",553,0,0,1,2026-01-06T11:28:54+00:00,2026-01-06T16:08:14.639533+00:00
https://x.com/SMusilakimeu/status/2008500617975918884,"SMusilakimeu","He is just leaving very soon,,I have just looked at his statistics as a manager & all I can say is that he is just adding a clause into his CV by signing as a Chelsea manager.He is a passing cloud.",3271,9,1,1,2026-01-06T11:27:18+00:00,2026-01-06T16:08:14.639533+00:00
https://x.com/badman_boye1/status/2008500469262417976,"badman_boye1","Wow, this is huge news for Chelsea!  Liam Rosenior‚Äôs appointment as head coach on a contract running until 2032 shows the club‚Äôs serious commitment to long-term stability and vision. A six-and-a-half-year deal is almost unheard of in modern football, especially in the Premier",5043,1,0,5,2026-01-06T11:26:42+00:00,2026-01-06T16:08:14.639533+00:00
https://x.com/yuppie_002/status/2008500366137319702,"yuppie_002","This is another 10hag in the making. He might not even finish his first year as chelsea coach",145,2,1,0,2026-01-06T11:26:18+00:00,2026-01-06T16:08:14.639533+00:00
https://x.com/maxnoface/status/2008499909692190904,"maxnoface","Six years contract means nothing to me , might sack him this year if he doesn't do well",83,1,0,0,2026-01-06T11:24:29+00:00,2026-01-06T16:08:14.639533+00:00
https://x.com/stio_biggy/status/2008499713801417059,"stio_biggy","Chelsea is a shitty club. Where did they even see this guy from",139,2,0,0,2026-01-06T11:23:42+00:00,2026-01-06T16:08:14.639533+00:00
https://x.com/MUsman145/status/2008499236464115780,"MUsman145","Fabrizio Romano recently passed away and went to the Pearly Gates.
‚ÄãSt. Peter looks at him and says, ""Fabrizio, I‚Äôm sorry, but your name isn't on the list for today. You'll have to wait.""
‚ÄãFabrizio immediately pulls out his phone and tweets:
‚Äã""Understand St. Peter is prepared to",1275,3,0,0,2026-01-06T11:21:48+00:00,2026-01-06T16:08:14.639533+00:00
https://x.com/prettycachy/status/2008499221281075593,"prettycachy","Someone should please tell him that he would be sacked soonest. Bookmark this tweet.",428,2,0,1,2026-01-06T11:21:45+00:00,2026-01-06T16:08:14.639533+00:00
https://x.com/_DonSelf/status/2008499106617139278,"_DonSelf","Chelsea coach after 10 games",82,2,0,0,2026-01-06T11:21:17+00:00,2026-01-06T16:08:14.639533+00:00
https://x.com/Simontalksftbl/status/2008498759383347585,"Simontalksftbl","Six and half year contract.",1148,10,0,1,2026-01-06T11:19:54+00:00,2026-01-06T16:08:14.639533+00:00
https://x.com/yabbanx/status/2008498753838411911,"yabbanx","He won't cross 6 months. Typical of Chelsea",526,1,0,0,2026-01-06T11:19:53+00:00,2026-01-06T16:08:14.639533+00:00
https://x.com/Gracie_Blue89/status/2008498719902302635,"Gracie_Blue89","",1029,2,0,0,2026-01-06T11:19:45+00:00,2026-01-06T16:08:14.639533+00:00
https://x.com/ItsHimOlaa/status/2008498530902765605,"ItsHimOlaa","Welcome favorite tech bro.",266,1,0,0,2026-01-06T11:19:00+00:00,2026-01-06T16:08:14.639533+00:00
https://x.com/PrinceDave002/status/2008498124223115391,"PrinceDave002","All the best, Liam. We are with you.",5529,5,1,0,2026-01-06T11:17:23+00:00,2026-01-06T16:08:14.639533+00:00
https://x.com/Chieforacle11/status/2008497331923284319,"Chieforacle11","Congratulations to Chelsea",2111,6,1,2,2026-01-06T11:14:14+00:00,2026-01-06T16:08:14.639533+00:00
https://x.com/heavycannon1886/status/2008497178017484976,"heavycannon1886","This will never backfire",208,3,0,0,2026-01-06T11:13:37+00:00,2026-01-06T16:08:14.639533+00:00
https://x.com/UkomahM/status/2008496475328966952,"UkomahM","He will be sacked as quick has interview and appointment was.",357,4,0,0,2026-01-06T11:10:50+00:00,2026-01-06T16:08:14.639533+00:00
https://x.com/Starlight_Scrib/status/2008496410585649214,"Starlight_Scrib","Might as well rename the club to Chelsea & Hove Albion",3879,25,2,0,2026-01-06T11:10:34+00:00,2026-01-06T16:08:14.639533+00:00
https://x.com/Aguma_bassie/status/2008496353677316215,"Aguma_bassie","Let's get the job started  
Welcome Liam Rosenior",2683,53,0,1,2026-01-06T11:10:21+00:00,2026-01-06T16:08:14.639533+00:00
https://x.com/mikedyrated/status/2008495958204760097,"mikedyrated","Another long term contract. Kilode gan",163,2,0,1,2026-01-06T11:08:47+00:00,2026-01-06T16:08:14.639533+00:00
https://x.com/LNREutd/status/2008495521569403130,"LNREutd","no draw or lose Match o",196,1,0,0,2026-01-06T11:07:03+00:00,2026-01-06T16:08:14.639533+00:00
https://x.com/TheOctopusTips/status/2008495434088804765,"TheOctopusTips","Person wey dem go sack before July ",116,2,0,0,2026-01-06T11:06:42+00:00,2026-01-06T16:08:14.639533+00:00
https://x.com/Yemi_of_Lagos/status/2008494977895330213,"Yemi_of_Lagos","This guy is supposed to be the women's team coach, he's too handsome",16296,5,0,5,2026-01-06T11:04:53+00:00,2026-01-06T16:08:14.639533+00:00
https://x.com/TOMFORDTITAN/status/2008494951970337124,"TOMFORDTITAN","i no longer recognize my club.",1677,6,0,2,2026-01-06T11:04:47+00:00,2026-01-06T16:08:14.639533+00:00
https://x.com/vikrammss/status/2008494936237429232,"vikrammss","Liam Rosenior is a good signing from Chelsea as their new head coach",68,2,0,0,2026-01-06T11:04:43+00:00,2026-01-06T16:08:14.639533+00:00
https://x.com/iamRTI/status/2008494117022794161,"iamRTI","This brother looks like he's teaching quantum physics in yale",277,11,0,0,2026-01-06T11:01:28+00:00,2026-01-06T16:08:14.639533+00:00
https://x.com/olami133/status/2008493952153137348,"olami133","",147,0,0,0,2026-01-06T11:00:48+00:00,2026-01-06T16:08:14.639533+00:00
https://x.com/PeaceMufc1/status/2008493732895879563,"PeaceMufc1","A massive show of faith from Chelsea. A long contract only works if the club backs the coach properly and commits to stability otherwise it‚Äôs just words on paper.",3386,9,0,1,2026-01-06T10:59:56+00:00,2026-01-06T16:08:14.639533+00:00
https://x.com/Palasty_/status/2008493414074265875,"Palasty_","6 ¬Ω years contract, why ebi jail sentence?",1234,5,0,0,2026-01-06T10:58:40+00:00,2026-01-06T16:08:14.639533+00:00
https://x.com/AlexOriprite/status/2008493133382685130,"AlexOriprite","Welcome to Chelsea

Now that you're one of us, just a few things you should know. 

Losing to Tottenham is not option, even a draw will be considered a loss. 

Every season must end with at least a trophy. 

Wembley is our second home, you know what means. 

Losing is not in our",1244,4,0,1,2026-01-06T10:57:33+00:00,2026-01-06T16:08:14.639533+00:00
https://x.com/Yolulwe_Qoshe/status/2008492781682192530,"Yolulwe_Qoshe","Very very big pay out coming soon then, fair play to him ",1013,7,0,1,2026-01-06T10:56:09+00:00,2026-01-06T16:08:14.639533+00:00
https://x.com/wahalaMann/status/2008492608872669499,"wahalaMann","At this point, I'll coach Chelsea soon too",1285,6,0,0,2026-01-06T10:55:28+00:00,2026-01-06T16:08:14.639533+00:00
https://x.com/bidsman/status/2008492447954026726,"bidsman","He is the best man for the job",209,1,0,0,2026-01-06T10:54:50+00:00,2026-01-06T16:08:14.639533+00:00
https://x.com/msizi_bhubesi/status/2008492362587373903,"msizi_bhubesi","Can he do better than this guy? Let's wait and see.",9071,163,7,1,2026-01-06T10:54:29+00:00,2026-01-06T16:08:14.639533+00:00
https://x.com/Billy58295Billy/status/2008492254248477054,"Billy58295Billy","@grok
 with Chelsea high demand when did u think dis man will be fired",2270,1,0,1,2026-01-06T10:54:04+00:00,2026-01-06T16:08:14.639533+00:00
https://x.com/AdamsAbah5/status/2008492249739661741,"AdamsAbah5","Welcome Skipper..
We will make a lot of good memories together",4100,2,0,0,2026-01-06T10:54:02+00:00,2026-01-06T16:08:14.639533+00:00
https://x.com/navas_tolulope/status/2008492103412969532,"navas_tolulope","Manager of the month for the month of March has arrived ",1583,4,0,0,2026-01-06T10:53:28+00:00,2026-01-06T16:08:14.639533+00:00
https://x.com/abdool_moh/status/2008491722972770652,"abdool_moh","Why give him a 6 years contract when he‚Äôs getting fired after one seaon?",1560,8,0,1,2026-01-06T10:51:57+00:00,2026-01-06T16:08:14.639533+00:00
https://x.com/UncleDabi/status/2008491273502814293,"UncleDabi","I'm next in line to manage Chelsea",542,3,0,0,2026-01-06T10:50:10+00:00,2026-01-06T16:08:14.639533+00:00
https://x.com/KingPhelz/status/2008491229106106399,"KingPhelz","Better than Maresca already",201,1,0,0,2026-01-06T10:49:59+00:00,2026-01-06T16:08:14.639533+00:00
https://x.com/Mgilija143/status/2008491137217200475,"Mgilija143","",322,0,0,0,2026-01-06T10:49:37+00:00,2026-01-06T16:08:14.639533+00:00
https://x.com/darkhorseomg/status/2008490800456589671,"darkhorseomg","they boutta start losing ",171,2,0,2,2026-01-06T10:48:17+00:00,2026-01-06T16:08:14.639533+00:00
https://x.com/iamthelawrenzi/status/2008490728897531936,"iamthelawrenzi","Just give me 3 points whenever we play, that is all I ask for",553,2,0,0,2026-01-06T10:48:00+00:00,2026-01-06T16:08:14.639533+00:00
https://x.com/Beelal_Red/status/2008490607300563220,"Beelal_Red","Chelsea board trying to sack him in 2027",7168,268,1,0,2026-01-06T10:47:31+00:00,2026-01-06T16:08:14.639533+00:00
https://x.com/Omahh_11/status/2008490562324922756,"Omahh_11","Welcome to chelsea tech coach

Sorry to say this expect a sack on or before december",4378,52,3,4,2026-01-06T10:47:20+00:00,2026-01-06T16:08:14.639533+00:00
https://x.com/thanksy_/status/2008490554699772186,"thanksy_","Finally, a long-term gamble that might actually work.",308,1,0,0,2026-01-06T10:47:18+00:00,2026-01-06T16:08:14.639533+00:00
https://x.com/kunleofweb3/status/2008490360956481988,"kunleofweb3","",320,2,0,0,2026-01-06T10:46:32+00:00,2026-01-06T16:08:14.639533+00:00
https://x.com/Elvines_El/status/2008490235043393541,"Elvines_El"," Jose Mourinho got sacked
 Carlo Ancelotti got sacked 
 Roberto Di Matteo got sacked 
 Antonio Conte got sacked
 Jose Mourinho came back and still got 

What does this tell you about Chelsea?",2774,10,1,2,2026-01-06T10:46:02+00:00,2026-01-06T16:08:14.639533+00:00
https://x.com/Allibuoy72540/status/2008490095415091383,"Allibuoy72540","Chelsea handing out contracts like it‚Äôs life insurance",558,2,0,0,2026-01-06T10:45:29+00:00,2026-01-06T16:08:14.639533+00:00
https://x.com/ItsBigEmma/status/2008490072136614239,"ItsBigEmma","He will win the champions league this season i can feel it",2363,10,0,1,2026-01-06T10:45:23+00:00,2026-01-06T16:08:14.639533+00:00
https://x.com/Babymeedahh/status/2008489978603712780,"Babymeedahh","6 and half years?",259,4,0,1,2026-01-06T10:45:01+00:00,2026-01-06T16:08:14.639533+00:00
https://x.com/ninimahmu/status/2008489941207314505,"ninimahmu","Six years tan tan 
Wetin be this FGS",148,3,0,2,2026-01-06T10:44:52+00:00,2026-01-06T16:08:14.639533+00:00
https://x.com/TheBlckGenius/status/2008489846797726203,"TheBlckGenius","Even him is not special. He'll be sacked soon",153,1,0,0,2026-01-06T10:44:30+00:00,2026-01-06T16:08:14.639533+00:00
https://x.com/Abaniworan/status/2008489370479890899,"Abaniworan","Congratulations! I wish you the best of luck because you‚Äôll need it.",1318,7,0,2,2026-01-06T10:42:36+00:00,2026-01-06T16:08:14.639533+00:00
https://x.com/eyup_io/status/2008489217115177353,"eyup_io","Crikey, six and a half years? Either they‚Äôre really keen on him or they‚Äôve found someone who can actually make sense of the transfer market! Let‚Äôs see if he can whip those lads into shape.",405,0,0,1,2026-01-06T10:41:59+00:00,2026-01-06T16:08:14.639533+00:00
https://x.com/VdykCFC/status/2008489112295371099,"VdykCFC","GAFFERRRRRR",1805,18,1,1,2026-01-06T10:41:34+00:00,2026-01-06T16:08:14.639533+00:00
https://x.com/TaoFeek182/status/2008489097795695077,"TaoFeek182","2032? 

He‚Äôs leaving 2027 ",9012,69,1,3,2026-01-06T10:41:31+00:00,2026-01-06T16:08:14.639533+00:00
https://x.com/FantasySocData/status/2008488972767686686,"FantasySocData","Six year and half contract?",650,5,0,0,2026-01-06T10:41:01+00:00,2026-01-06T16:08:14.639533+00:00
https://x.com/Moreofwealth/status/2008488850453393765,"Moreofwealth","They should first assess his performance with the team before offering him a seven-year contract.",19356,4,0,2,2026-01-06T10:40:32+00:00,2026-01-06T16:08:14.639533+00:00
https://x.com/Iam_Odinkem/status/2008488620081246683,"Iam_Odinkem","Head coach is the baptismal name for toy.",674,2,0,0,2026-01-06T10:39:37+00:00,2026-01-06T16:08:14.639533+00:00
https://x.com/teebravo_/status/2008488137803395243,"teebravo_","Six years as how? Good luck anyway",997,1,0,0,2026-01-06T10:37:42+00:00,2026-01-06T16:08:14.639533+00:00
https://x.com/favvieet/status/2008487821695476137,"favvieet","Chelsea sitting 5th in the Premier League and has hired a manager whose best finish is 7th in Ligue 1",4625,6,0,3,2026-01-06T10:36:27+00:00,2026-01-06T16:08:14.639533+00:00
https://x.com/Imaandanish1/status/2008487665122074686,"Imaandanish1","A 6.5-year contract for a manager who hasn't managed in the PL yet is the ultimate 'Process' play. 

Rosenior‚Äôs work at Strasbourg with the youngest squad in Ligue 1 was elite, 7th place and European qualification wasn't a fluke. He fits the BlueCo profile perfectly.

Sink or",6339,8,1,4,2026-01-06T10:35:49+00:00,2026-01-06T16:08:14.639533+00:00
https://x.com/Afolabiolamide8/status/2008487625955700742,"Afolabiolamide8","Tremendous contract.. Chelsea really trusts him with the process.. good luck to Rosenior",321,3,1,1,2026-01-06T10:35:40+00:00,2026-01-06T16:08:14.639533+00:00
https://x.com/CulerStrauss/status/2008487573187162484,"CulerStrauss","Why so many years ",235,0,0,0,2026-01-06T10:35:27+00:00,2026-01-06T16:08:14.639533+00:00
https://x.com/Snowdenderby/status/2008487524616860055,"Snowdenderby","This is huge, telling and measured.

Rosenior appointment is built on responsibility, and an understanding of  Chelsea‚Äôs identity which is built on winning, not vibes, not projects, not patience without purpose.
The key line idea of his appointment is to protect the identity, the",4128,0,1,0,2026-01-06T10:35:16+00:00,2026-01-06T16:08:14.639533+00:00
https://x.com/AFC_OlaitaN/status/2008487475262742861,"AFC_OlaitaN","how do they just offer big contract to randoms like this ",252,0,0,1,2026-01-06T10:35:04+00:00,2026-01-06T16:08:14.639533+00:00
https://x.com/Nashiline/status/2008487337458901301,"Nashiline","Welcome to the best club in the world",716,3,0,0,2026-01-06T10:34:31+00:00,2026-01-06T16:08:14.639533+00:00
https://x.com/ywa_football/status/2008487131493413338,"ywa_football","ùêãùê¢ùêöùê¶ ùêëùê®ùê¨ùêûùêßùê¢ùê®ùê´ (41) the new Chelsea‚Äôs coach. Liam arrives from RC Strasbourg.

ùêªùëñùë† ùë°ùëíùëéùëöùë† ùëùùëüùëíùë†ùë† ùëéùëîùëîùëüùëíùë†ùë†ùëñùë£ùëíùëôùë¶, ùë°ùëüùë¢ùë†ùë° ùë¶ùëúùë¢ùëõùëî ùëùùëôùëéùë¶ùëíùëüùë†, ùëéùëõùëë ùëùùëôùëéùë¶ ùëùùëüùëúùëéùëêùë°ùëñùë£ùëí ùëìùëúùëúùë°ùëèùëéùëôùëô.

ùêçùêÑùêñ ùêÑùêëùêÄ",6935,116,9,2,2026-01-06T10:33:42+00:00,2026-01-06T16:08:14.639533+00:00
https://x.com/SmartKid0808/status/2008487117429895251,"SmartKid0808","Chelsea to sack him next season, be there! ",1904,3,0,1,2026-01-06T10:33:39+00:00,2026-01-06T16:08:14.639533+00:00
https://x.com/OchayiChief/status/2008487084861034939,"OchayiChief","They'll still s√†ck him within one year. He thinks he has gotten a job",3565,29,0,2,2026-01-06T10:33:31+00:00,2026-01-06T16:08:14.639533+00:00
https://x.com/Blessing_Olivi/status/2008487042062447099,"Blessing_Olivi","He's better than Arteta
He's currently better than Pep
He's better than Hansi flick 
He's better than Slot.

Same level with Luis Enrique 

Liam Rosenior baby",1270,14,1,2,2026-01-06T10:33:21+00:00,2026-01-06T16:08:14.639533+00:00
https://x.com/Romeoisred/status/2008487022751871385,"Romeoisred","Chelsea just went all in. Liam Rosenior is the new head coach until 2032.
Six and a half years of commitment in football terms might as well be a lifetime. Let‚Äôs see if he can turn that stability into trophies. We are watching.",951,5,0,0,2026-01-06T10:33:16+00:00,2026-01-06T16:08:14.639533+00:00
https://x.com/Neo_Marshall/status/2008487010328342773,"Neo_Marshall","They be dishing out contracts like idiots",141,2,0,0,2026-01-06T10:33:13+00:00,2026-01-06T16:08:14.639533+00:00
https://x.com/iamrkRakesh/status/2008486927021076839,"iamrkRakesh","Chelsea confirm Liam Rosenior as their new head coach on a long-term deal running until June 2032.",837,1,0,0,2026-01-06T10:32:53+00:00,2026-01-06T16:08:14.639533+00:00
https://x.com/ararsoabdull/status/2008486894305206729,"ararsoabdull","Chelsea's 6.5-year gamble on Rosenior screams desperation. Unproven at the elite level, yet Boehly's handing him the keys after nuking Maresca? Mark my words, this ""youth focus"" flops harder than Tuchel's exit. Arteta's Arsenal thrives on patience, not panic hires. Who's with me?",4722,11,2,4,2026-01-06T10:32:46+00:00,2026-01-06T16:08:14.639533+00:00
https://x.com/Owacali/status/2008486889209426289,"Owacali","Chelsea has more than confidence to give a six years contract for a new coach.",131,2,0,0,2026-01-06T10:32:44+00:00,2026-01-06T16:08:14.639533+00:00
https://x.com/EuniceSeroe/status/2008486850139484175,"EuniceSeroe","",1835,18,1,0,2026-01-06T10:32:35+00:00,2026-01-06T16:08:14.639533+00:00
https://x.com/Tiamcfc/status/2008486822620656047,"Tiamcfc","Welcome to Chelsea Liam",1476,32,0,2,2026-01-06T10:32:29+00:00,2026-01-06T16:08:14.639533+00:00
https://x.com/QueenSandy_CFC/status/2008486815859437910,"QueenSandy_CFC","He isnt going to last 6.5 years lets be honest! But I really wish him all the best! Hope he can do well",457,11,0,1,2026-01-06T10:32:27+00:00,2026-01-06T16:08:14.639533+00:00
https://x.com/Tripple____M/status/2008486805713416462,"Tripple____M","6 years for a PE teacher is nuts, he won't last a year. Bookmark",918,20,1,0,2026-01-06T10:32:25+00:00,2026-01-06T16:08:14.639533+00:00
https://x.com/BirungiMargret5/status/2008486788500000825,"BirungiMargret5","We hope he succeeds.",808,4,0,1,2026-01-06T10:32:20+00:00,2026-01-06T16:08:14.639533+00:00
https://x.com/krishnakapadia_/status/2008486747588706465,"krishnakapadia_","europe with strasbourg in his first season after 19 years is no joke. young coach, clear ideas, long contract‚Ä¶ let‚Äôs actually build this time ",2451,6,0,1,2026-01-06T10:32:11+00:00,2026-01-06T16:08:14.639533+00:00
https://x.com/mrzoro96/status/2008486711018614856,"mrzoro96","Proper chels in my books
Welcome, Liam Rosenior",660,2,0,0,2026-01-06T10:32:02+00:00,2026-01-06T16:08:14.639533+00:00
https://x.com/CyrusAgogo/status/2008486576901468485,"CyrusAgogo","Win us the league the new pep aah y3 mixing with ancelloti ",1825,22,0,2,2026-01-06T10:31:30+00:00,2026-01-06T16:08:14.639533+00:00
https://x.com/fagbemi_hamza/status/2008486558153011405,"fagbemi_hamza","Big L for a reason ",5093,11,1,1,2026-01-06T10:31:25+00:00,2026-01-06T16:08:14.639533+00:00
https://x.com/just_deji_/status/2008486487487345117,"just_deji_","They have gotten Their yes man, 6 years contract is crazy",632,4,0,0,2026-01-06T10:31:09+00:00,2026-01-06T16:08:14.639533+00:00
https://x.com/Gracie_Blue89/status/2008486485553803744,"Gracie_Blue89","THE LIAM ROSENIOR ERA HAS BEGUN 

Welcome to Chelsea ",2334,6,0,0,2026-01-06T10:31:08+00:00,2026-01-06T16:08:14.639533+00:00
https://x.com/Shameh_NG/status/2008486485616718056,"Shameh_NG","He will go by Next year again‚Ä¶ 

They don‚Äôt learn",4700,31,0,1,2026-01-06T10:31:08+00:00,2026-01-06T16:08:14.639533+00:00
https://x.com/Bipekthe/status/2008486390842142852,"Bipekthe","2032? I think Chelsea wanted to pay a hefty compensation fee.",231,10,0,0,2026-01-06T10:30:46+00:00,2026-01-06T16:08:14.639533+00:00
https://x.com/vin_moneta/status/2008486350904062154,"vin_moneta","6 year deal is insane. This club man",1688,10,0,2,2026-01-06T10:30:36+00:00,2026-01-06T16:08:14.639533+00:00
https://x.com/KelneThomersy/status/2008486315848069538,"KelneThomersy","Goodluck to him because he will need it",310,2,0,0,2026-01-06T10:30:28+00:00,2026-01-06T16:08:14.639533+00:00
https://x.com/OddsDanny/status/2008486265537155461,"OddsDanny","Chelsea announce Rosenior until 2032. We‚Äôll see fullbacks tucked in and a double pivot screening to suffocate transitions‚Äîclassic compact rest defence. Watch the market: If control clicks early, goals lines will dip and Top 4 odds get stingier.",7202,3,1,0,2026-01-06T10:30:16+00:00,2026-01-06T16:08:14.639533+00:00
https://x.com/iamstretch_/status/2008486244108693828,"iamstretch_","Liam Rosenoir signed the 6+ years contract knowing he‚Äôll cash out after being sacked in less than two years, smart dude",586,3,0,0,2026-01-06T10:30:11+00:00,2026-01-06T16:08:14.639533+00:00
https://x.com/pinto_reus/status/2008486148021383614,"pinto_reus","Rosenior ball ",42873,94,18,86,2026-01-06T10:29:48+00:00,2026-01-06T16:08:14.639533+00:00
https://x.com/Boomluck1zz/status/2008486105361055876,"Boomluck1zz","Who tf is this nigga?",783,0,0,1,2026-01-06T10:29:38+00:00,2026-01-06T16:08:14.639533+00:00
https://x.com/abala_jnr/status/2008486055960522860,"abala_jnr","He's going to get sacked before Gta 6",115,2,0,0,2026-01-06T10:29:26+00:00,2026-01-06T16:08:14.639533+00:00
https://x.com/badboy_jerry/status/2008486028735377527,"badboy_jerry","He is going to win the PL before Mikel Arteta",632,11,0,0,2026-01-06T10:29:19+00:00,2026-01-06T16:08:14.639533+00:00
https://x.com/Doffy_FC/status/2008485962171773249,"Doffy_FC","2032 ",778,6,0,1,2026-01-06T10:29:03+00:00,2026-01-06T16:08:14.639533+00:00
https://x.com/sleepercell34/status/2008485920832434418,"sleepercell34","Depay regen",63,1,0,0,2026-01-06T10:28:54+00:00,2026-01-06T16:08:14.639533+00:00
https://x.com/BitsAndTakes/status/2008485872807948624,"BitsAndTakes","He will be sacked by end of the season ",576,2,0,0,2026-01-06T10:28:42+00:00,2026-01-06T16:08:14.639533+00:00
https://x.com/Bhondu_Bandar/status/2008485866965283040,"Bhondu_Bandar","A contract until 2032 for a manager who hasn't even coached a Premier League game yet?  Chelsea really are the most chaotic experiment in football history.",12247,405,5,4,2026-01-06T10:28:41+00:00,2026-01-06T16:08:14.639533+00:00
https://x.com/Maryian96/status/2008485862049542573,"Maryian96","We all know he is not getting the 6years ",967,14,0,1,2026-01-06T10:28:40+00:00,2026-01-06T16:08:14.639533+00:00
https://x.com/eastBUBU/status/2008485863551103361,"eastBUBU","Rooney assistant this and that
He has joined Chelsea, he's one of the best coaches in the world",3221,30,0,0,2026-01-06T10:28:40+00:00,2026-01-06T16:08:14.639533+00:00
https://x.com/newton_wachiye/status/2008485760484487622,"newton_wachiye","But he will be sacked",950,4,0,3,2026-01-06T10:28:15+00:00,2026-01-06T16:08:14.639533+00:00
https://x.com/DeanOnuoha/status/2008485731963203844,"DeanOnuoha","Welcome coach. But he needs to take an oath too‚Ä¶ I don‚Äôt want that Maresca disappointment",466,4,0,0,2026-01-06T10:28:09+00:00,2026-01-06T16:08:14.639533+00:00
https://x.com/AnalystAdekola/status/2008485704108831092,"AnalystAdekola","Zidane to Manchester United, can it happen?",26283,33,2,8,2026-01-06T10:28:02+00:00,2026-01-06T16:08:14.639533+00:00
https://x.com/ViriVilokoltl2i/status/2008485696873623822,"ViriVilokoltl2i","",303,4,0,0,2026-01-06T10:28:00+00:00,2026-01-06T16:08:14.639533+00:00
https://x.com/MatekoBenza/status/2008485649318347038,"MatekoBenza","You gonna be sacked within 2 months",618,7,0,1,2026-01-06T10:27:49+00:00,2026-01-06T16:08:14.639533+00:00
https://x.com/a_yushsinha13/status/2008485634600825296,"a_yushsinha13","He's gonna get a competition soon  
Absolute cinema!!",3959,93,0,2,2026-01-06T10:27:45+00:00,2026-01-06T16:08:14.639533+00:00
https://x.com/EdiriQX/status/2008485549649092664,"EdiriQX","His sack letter is being prepared by Auntie Nkechi",200,2,0,0,2026-01-06T10:27:25+00:00,2026-01-06T16:08:14.639533+00:00
https://x.com/odinlad_i/status/2008485546075844873,"odinlad_i","Your own downfall no fit pass this year .",2601,43,0,3,2026-01-06T10:27:24+00:00,2026-01-06T16:08:14.639533+00:00
https://x.com/DiabloChaze/status/2008485532389581063,"DiabloChaze","Chelsea won‚Äôt stop dishing us wonders ",1356,4,0,0,2026-01-06T10:27:21+00:00,2026-01-06T16:08:14.639533+00:00
https://x.com/take_mic_xplain/status/2008485533320966300,"take_mic_xplain","We give him 2 months he will run from this job",455,2,0,0,2026-01-06T10:27:21+00:00,2026-01-06T16:08:14.639533+00:00
https://x.com/x_zinna_/status/2008485526303850674,"x_zinna_","Just to get sacked before the season ends",1288,8,0,0,2026-01-06T10:27:19+00:00,2026-01-06T16:08:14.639533+00:00
https://x.com/ChelseaRosenior/status/2008485525116662057,"ChelseaRosenior","We‚Äôre coming for the treble next season",1721,21,0,2,2026-01-06T10:27:19+00:00,2026-01-06T16:08:14.639533+00:00
https://x.com/DeanOnuoha/status/2008485512483389934,"DeanOnuoha","We are winning trophies this season man‚Ä¶ Bookmak this comment",617,10,0,0,2026-01-06T10:27:16+00:00,2026-01-06T16:08:14.639533+00:00
https://x.com/thekingsmanUG/status/2008485501637194099,"thekingsmanUG","2030 what!?????????

These guys !!!",3108,13,1,6,2026-01-06T10:27:14+00:00,2026-01-06T16:08:14.639533+00:00
https://x.com/47People/status/2008485501263843576,"47People","Definitely loosing his first game",268,0,0,1,2026-01-06T10:27:14+00:00,2026-01-06T16:08:14.639533+00:00
https://x.com/ChristDeKing/status/2008485485727932431,"ChristDeKing","May he be great!",557,1,1,1,2026-01-06T10:27:10+00:00,2026-01-06T16:08:14.639533+00:00
https://x.com/princewilluzoms/status/2008485467587764270,"princewilluzoms","Welcome gaffer. He‚Äôs better than Pep Guardiola and Arteta in my books.",2325,5,1,6,2026-01-06T10:27:05+00:00,2026-01-06T16:08:14.639533+00:00
https://x.com/Amblessed_io/status/2008485446574014606,"Amblessed_io","Not even better than Amorim",977,0,0,1,2026-01-06T10:27:00+00:00,2026-01-06T16:08:14.639533+00:00
https://x.com/VideonistX/status/2008485434708447722,"VideonistX","His stats at Strasbourg look decent let's see if he can handle the pressure at Stamford Bridge ",566,9,0,0,2026-01-06T10:26:58+00:00,2026-01-06T16:08:14.639533+00:00
https://x.com/MSCMacbeth/status/2008485433529745411,"MSCMacbeth","Chelsea won‚Äôt keep him for longer than 2",258,1,0,0,2026-01-06T10:26:57+00:00,2026-01-06T16:08:14.639533+00:00
https://x.com/ft_analytics91/status/2008485426269745448,"ft_analytics91","Bad news  6yrs wth",5159,23,0,1,2026-01-06T10:26:56+00:00,2026-01-06T16:08:14.639533+00:00
https://x.com/NewjuooDo/status/2008485423061090437,"NewjuooDo","",837,2,0,0,2026-01-06T10:26:55+00:00,2026-01-06T16:08:14.639533+00:00
https://x.com/sk_sahil24/status/2008485420271886410,"sk_sahil24","Six and a half years at Chelsea? That‚Äôs like 6 months in normal football time ",1950,4,0,0,2026-01-06T10:26:54+00:00,2026-01-06T16:08:14.639533+00:00
https://x.com/Ayantugajoshua/status/2008485412742766658,"Ayantugajoshua","They would sack him soon",2728,3,0,2,2026-01-06T10:26:52+00:00,2026-01-06T16:08:14.639533+00:00
https://x.com/sk_sahil24/status/2008485408309710934,"sk_sahil24","TLDR: Liam Rosenior signs till 2032, talks about unity, identity and trophies. Chelsea fans start the countdown anyway ",1145,5,0,0,2026-01-06T10:26:51+00:00,2026-01-06T16:08:14.639533+00:00
https://x.com/Pablotorecoba/status/2008485392388157530,"Pablotorecoba","G√ºzel",3368,2,0,0,2026-01-06T10:26:48+00:00,2026-01-06T16:08:14.639533+00:00
https://x.com/CFCWasi/status/2008485363619426821,"CFCWasi","Liam Rosenior, will win at least one major trophy ahead of Arteta. Bookmark this!",27487,252,17,17,2026-01-06T10:26:41+00:00,2026-01-06T16:08:14.639533+00:00
https://x.com/MoontokOfficial/status/1941120503089172553,"MoontokOfficial","Your project deserves the spotlight. Secure a Moontok banner today!",7953996,242,19,0,2026-01-06T16:07:43.35+00:00,2026-01-06T16:07:44.611172+00:00
https://x.com/_SocialLinks_/status/1923323540322787386,"_SocialLinks_","Get our 2025 OSINT landscape‚Äîyour hassle-free guide to the world of open-source intelligence providers for the new year and beyond!

Download for free ",111933,26,2,1,2026-01-06T16:07:43.125+00:00,2026-01-06T16:07:44.611172+00:00
https://x.com/ApexTradeFund/status/1998976726538535346,"ApexTradeFund","Code PASS - Sleigh Your Trading Goals with 90% Off on All Evals",190287,8,1,0,2026-01-06T16:07:38.935+00:00,2026-01-06T16:07:44.611172+00:00
https://x.com/OutgrowCo/status/1990733202487718246,"OutgrowCo","Make Christmas conversions soar with an Outgrow quiz that adds instant engagement",723624,165,15,6,2026-01-06T16:07:36.611+00:00,2026-01-06T16:07:44.611172+00:00
https://x.com/CatoNetworks/status/2007113654492406155,"CatoNetworks","AI is central to how teams work, automate, and innovate. But adoption is moving faster than the governance needed to control it. Boards want more of it, and CISOs must make it safe. This blueprint fixes the FOMU with a clear framework and 90-day plan.",34547,4,0,0,2026-01-06T16:07:36.611+00:00,2026-01-06T16:07:44.611172+00:00
https://x.com/breakoutprop/status/1905320665520943490,"breakoutprop","Become a Funded Crypto Trader in 1 Trade with up to $100,000 in Funding",9661748,743,99,52,2026-01-06T16:07:33.194+00:00,2026-01-06T16:07:44.611172+00:00
https://x.com/CoinDesk/status/1983049963027448269,"CoinDesk","What makes Consensus Hong Kong the year's most important event? Listen to what our attendees say. This is where East meets West, where deals are made, and where the global digital asset ecosystem connects.

Hear their stories, and get your ticket to be part of the action in 2026.",3971285,704,112,25,2026-01-06T16:07:32.526+00:00,2026-01-06T16:07:44.611172+00:00
https://x.com/RareSkills_io/status/1985570571607031957,"RareSkills_io","Learn Rust programming by solving 10 problems a day.

RareCode makes it easy to be consistent.",2919629,518,106,0,2026-01-06T16:07:30.268+00:00,2026-01-06T16:07:44.611172+00:00
https://x.com/premium/status/2006185024899424271,"premium","Have the best experience on X.",117930718,6479,668,0,2026-01-06T16:07:17.498+00:00,2026-01-06T16:07:44.611172+00:00
https://x.com/MSIG_SG/status/2008366124690448715,"MSIG_SG","Your family deserves more than shelter ‚Äî they deserve security.

From 6‚Äì12 Jan only, get 20% off Enhanced HomePlus + up to $50 e-voucher.

Because peace of mind starts at home.",15122,1,0,0,2026-01-06T16:07:14.98+00:00,2026-01-06T16:07:44.611172+00:00
https://x.com/Progamer410421/status/2008568272535617934,"Progamer410421","@grok
 what is the exact likes of this post",20,0,0,1,2026-01-06T15:56:08+00:00,2026-01-06T16:07:44.611172+00:00
https://x.com/Magiks/status/2008564607485702364,"Magiks","Hopefully he lasts till then",211,1,0,1,2026-01-06T15:41:34+00:00,2026-01-06T16:07:44.611172+00:00
https://x.com/jegax_/status/2008563632066752615,"jegax_","Another yes man",26,0,0,0,2026-01-06T15:37:41+00:00,2026-01-06T16:07:44.611172+00:00
https://x.com/_Nsznn/status/2008563046474735731,"_Nsznn","I wish him well. I just want us to start winning and that‚Äôs all",150,1,0,0,2026-01-06T15:35:22+00:00,2026-01-06T16:07:44.611172+00:00
https://x.com/0xYukiRabbit/status/2008552203431407749,"0xYukiRabbit","6.5 yearsÔºü crazy",219,0,0,0,2026-01-06T14:52:17+00:00,2026-01-06T16:07:44.611172+00:00
https://x.com/oierfano/status/2008537244349689976,"oierfano","He won‚Äôt be in the club after 9 months. Keep the tweet.",719,1,0,0,2026-01-06T13:52:50+00:00,2026-01-06T16:07:44.611172+00:00
https://x.com/mike_fusco/status/2008535235592679911,"mike_fusco","Madonna questo tra 6 mesi lo cacciano a calci in culo e ha 6 ANNI di palle a mollo",4384,150,1,8,2026-01-06T13:44:51+00:00,2026-01-06T16:07:44.611172+00:00
https://x.com/afcRusell/status/2008520529897291883,"afcRusell","who's this mid again",1039,2,0,1,2026-01-06T12:46:25+00:00,2026-01-06T16:07:44.611172+00:00
https://x.com/ForeverDau/status/2008515207690408182,"ForeverDau","We all know he's not staying for 6 years. Just mere buzzword.",2489,6,0,0,2026-01-06T12:25:16+00:00,2026-01-06T16:07:44.611172+00:00
https://x.com/EdmundOris/status/2008513941920784729,"EdmundOris","2032 ",1092,14,0,0,2026-01-06T12:20:14+00:00,2026-01-06T16:07:44.611172+00:00
https://x.com/waverchocs/status/2008513238841864303,"waverchocs","@tweemdotlol
 5M views",813,0,0,1,2026-01-06T12:17:27+00:00,2026-01-06T16:07:44.611172+00:00
https://x.com/tradermatt/status/2008512249523216491,"tradermatt","bye bye chelsea, not been nice knowing you",3363,0,0,1,2026-01-06T12:13:31+00:00,2026-01-06T16:07:44.611172+00:00
https://x.com/Mryems20/status/2008509388945035706,"Mryems20","Not sure this guy will last long there",3281,16,1,4,2026-01-06T12:02:09+00:00,2026-01-06T16:07:44.611172+00:00
https://x.com/udeochusp/status/2008508820788834806,"udeochusp","I am super proud of Chelsea ",700,2,0,0,2026-01-06T11:59:53+00:00,2026-01-06T16:07:44.611172+00:00
https://x.com/rich_chappelow/status/2008508741856223347,"rich_chappelow","I imagine he will be gone in 6 months, judging by how clubs are behaving.",1058,2,0,0,2026-01-06T11:59:35+00:00,2026-01-06T16:07:44.611172+00:00
https://x.com/iansuzir/status/2008507017170977127,"iansuzir","Let‚Äôs see how he does",524,1,0,0,2026-01-06T11:52:43+00:00,2026-01-06T16:07:44.611172+00:00
https://x.com/StandWCrypto_UK/status/2008504865832792348,"StandWCrypto_UK","Standing with Liam?",27,0,0,0,2026-01-06T11:44:10+00:00,2026-01-06T16:07:44.611172+00:00
https://x.com/kijanayamwingii/status/2008503445796581449,"kijanayamwingii","We wait",515,1,0,0,2026-01-06T11:38:32+00:00,2026-01-06T16:07:44.611172+00:00
https://x.com/Iaksalter/status/2008503438636970167,"Iaksalter","6 years is criminal",21033,7,0,3,2026-01-06T11:38:30+00:00,2026-01-06T16:07:44.611172+00:00
https://x.com/AnkitSi70755453/status/2008502570420203907,"AnkitSi70755453","Hold on",6266,200,0,0,2026-01-06T11:35:03+00:00,2026-01-06T16:07:44.611172+00:00
https://x.com/TheSopranosClub/status/2008502533874987133,"TheSopranosClub","Arsenal winning the title under Arteta will be what football needs, not just us Arsenal fans. I realised after the Ruben and Enzo sackings, that football needs Arteta winning it more than anyone, no matter who you support. Arteta would be the manager who had a large percentage of",26688,63,2,21,2026-01-06T11:34:54+00:00,2026-01-06T16:07:44.611172+00:00
https://x.com/0xRhic/status/2008499571455127891,"0xRhic","Come on gaffer",365,3,0,0,2026-01-06T11:23:08+00:00,2026-01-06T16:07:44.611172+00:00
https://x.com/_MzJayde/status/2008499284220768577,"_MzJayde","And that‚Äôs how they got a new coach",4054,7,0,0,2026-01-06T11:22:00+00:00,2026-01-06T16:07:44.611172+00:00
https://x.com/db_fink/status/2008499146085593125,"db_fink","They‚Äôre getting relegated",4223,6,0,0,2026-01-06T11:21:27+00:00,2026-01-06T16:07:44.611172+00:00
https://x.com/BenopaOnyx1/status/2008498515996274891,"BenopaOnyx1","See the random bum they‚Äôre signing as coach but their fans are still stuck on that fluke win against Barca ",6966,60,0,2,2026-01-06T11:18:56+00:00,2026-01-06T16:07:44.611172+00:00
https://x.com/FrUgochukwu/status/2008498380729962603,"FrUgochukwu","A six-year contract shows that Chelsea really believe in him. Best wishes to him ",3030,5,0,6,2026-01-06T11:18:24+00:00,2026-01-06T16:07:44.611172+00:00
https://x.com/SickOfItteo/status/2008498316225765594,"SickOfItteo","4 and a half year contract payout for him. Good deal",2414,28,0,1,2026-01-06T11:18:09+00:00,2026-01-06T16:07:44.611172+00:00
https://x.com/CryptoDevil9/status/2008498145517600889,"CryptoDevil9","SIX YEARS",2037,7,0,0,2026-01-06T11:17:28+00:00,2026-01-06T16:07:44.611172+00:00
https://x.com/RealAstridWett/status/2008496312740966818,"RealAstridWett","2032?? That‚Äôs not a contract, that‚Äôs a mortgage ",11556,49,0,5,2026-01-06T11:10:11+00:00,2026-01-06T16:07:44.611172+00:00
https://x.com/PauluzRFRM/status/2008495540632514743,"PauluzRFRM","safe to say abramovic left with the spirit of this club",20328,144,0,2,2026-01-06T11:07:07+00:00,2026-01-06T16:07:44.611172+00:00
https://x.com/NoRiskNoParty/status/2008495448198443379,"NoRiskNoParty","They got Vicent Company from Temu ",6172,2,1,0,2026-01-06T11:06:45+00:00,2026-01-06T16:07:44.611172+00:00
https://x.com/josh_bw1/status/2008494748852744375,"josh_bw1","Wonderful news for Chelsea and a fantastic opportunity for Liam!",5170,3,0,0,2026-01-06T11:03:58+00:00,2026-01-06T16:07:44.611172+00:00
https://x.com/ambaposh/status/2008494732755038311,"ambaposh","Person wey em fit sack tomorrow, 2032 nah",12906,10,0,2,2026-01-06T11:03:54+00:00,2026-01-06T16:07:44.611172+00:00
https://x.com/Glitchnfa/status/2008494708298056041,"Glitchnfa","That‚Äôs serious faith, big expectations ahead ",2010,2,0,1,2026-01-06T11:03:49+00:00,2026-01-06T16:07:44.611172+00:00
https://x.com/witty_cruz/status/2008494086429581425,"witty_cruz","6 years contract for a manager they will sack next season is just wild",2850,2,0,0,2026-01-06T11:01:20+00:00,2026-01-06T16:07:44.611172+00:00
https://x.com/Benking443/status/2008494075339829517,"Benking443","Isn't  that Depay?",3909,9,0,0,2026-01-06T11:01:18+00:00,2026-01-06T16:07:44.611172+00:00
https://x.com/DeanCFC_/status/2008493889561502204,"DeanCFC_","2032 ",3238,21,0,3,2026-01-06T11:00:33+00:00,2026-01-06T16:07:44.611172+00:00
https://x.com/i_am_vickyd/status/2008492629999448110,"i_am_vickyd","I hope he takes Chelsea to the next level",3670,1,0,1,2026-01-06T10:55:33+00:00,2026-01-06T16:07:44.611172+00:00
https://x.com/UtdMax13_/status/2008491996646961602,"UtdMax13_","6 years damn",3520,1,0,1,2026-01-06T10:53:02+00:00,2026-01-06T16:07:44.611172+00:00
https://x.com/brightutd/status/2008491790769525075,"brightutd","Sign Dalot and Ugarte",1267,1,0,0,2026-01-06T10:52:13+00:00,2026-01-06T16:07:44.611172+00:00
https://x.com/Johnn_Miichael/status/2008491749162054145,"Johnn_Miichael","Rosenior Era.....Let‚Äôs hope the contract lasts longer than the rebuild ",586,0,0,0,2026-01-06T10:52:03+00:00,2026-01-06T16:07:44.611172+00:00
https://x.com/amitttrmfc2/status/2008491686633288010,"amitttrmfc2","I give 1 season at best",5387,77,0,2,2026-01-06T10:51:48+00:00,2026-01-06T16:07:44.611172+00:00
https://x.com/AbjaFCB/status/2008491355736252809,"AbjaFCB","Depay is that you?",1410,38,0,1,2026-01-06T10:50:29+00:00,2026-01-06T16:07:44.611172+00:00
https://x.com/Doonhamer_/status/2008491149108113619,"Doonhamer_","6.5 year is crazyyy

he gonna get a juicy payout like Amorim",4927,23,0,2,2026-01-06T10:49:40+00:00,2026-01-06T16:07:44.611172+00:00
https://x.com/FidelEverywhere/status/2008491062827118854,"FidelEverywhere","",195,0,0,0,2026-01-06T10:49:19+00:00,2026-01-06T16:07:44.611172+00:00
https://x.com/AFC_Beeb/status/2008490946724593914,"AFC_Beeb","Wishing him all the best in his new club",1718,5,0,1,2026-01-06T10:48:52+00:00,2026-01-06T16:07:44.611172+00:00
https://x.com/JayNaija/status/2008490702678761936,"JayNaija","Will suport him till he loses 5 matches in a row",1281,8,0,0,2026-01-06T10:47:54+00:00,2026-01-06T16:07:44.611172+00:00
https://x.com/_VALKlNG/status/2008490308208849043,"_VALKlNG","Why go thru keep signing anybody?",5289,32,0,1,2026-01-06T10:46:20+00:00,2026-01-06T16:07:44.611172+00:00
https://x.com/2xnmore/status/2008490276810355093,"2xnmore","When one door closes, another opens.",1490,1,0,1,2026-01-06T10:46:12+00:00,2026-01-06T16:07:44.611172+00:00
https://x.com/TwoTerty_/status/2008489656225284307,"TwoTerty_","6 years but he won‚Äôt pass 2 ",8160,81,1,7,2026-01-06T10:43:44+00:00,2026-01-06T16:07:44.611172+00:00
https://x.com/Lea_EFC/status/2008489651779367263,"Lea_EFC","Welcome to the Blue Cartel bro ",6908,74,0,1,2026-01-06T10:43:43+00:00,2026-01-06T16:07:44.611172+00:00
https://x.com/tdkimber/status/2008489399483601368,"tdkimber","that is a massive, massive contract - huge vote of confidence for Liam... not so much for Chelsea",11639,2,0,1,2026-01-06T10:42:43+00:00,2026-01-06T16:07:44.611172+00:00
https://x.com/FrankLambeek/status/2008489180306042924,"FrankLambeek","Huge",1773,1,0,0,2026-01-06T10:41:51+00:00,2026-01-06T16:07:44.611172+00:00
https://x.com/YourReinb/status/2008489057668788428,"YourReinb","What a suprise!",209,0,0,0,2026-01-06T10:41:21+00:00,2026-01-06T16:07:44.611172+00:00
https://x.com/EGTVEgal/status/2008488994762559652,"EGTVEgal","Over or Under 12 months before he is sacked?",9317,11,0,3,2026-01-06T10:41:06+00:00,2026-01-06T16:07:44.611172+00:00
https://x.com/McinikaWaLamar/status/2008488661143507064,"McinikaWaLamar","6 Years? ",2236,5,0,2,2026-01-06T10:39:47+00:00,2026-01-06T16:07:44.611172+00:00
https://x.com/0panaa_1/status/2008488618650988576,"0panaa_1","Until 2032? Bro ?",2076,13,0,1,2026-01-06T10:39:37+00:00,2026-01-06T16:07:44.611172+00:00
https://x.com/CfcBlay/status/2008488487113392521,"CfcBlay","Welcome ",2994,5,0,1,2026-01-06T10:39:05+00:00,2026-01-06T16:07:44.611172+00:00
https://x.com/BeAlterEgos/status/2008488289960075304,"BeAlterEgos","Contract until 2032 at Chelsea means he‚Äôll be gone by 2027.",11838,6,0,1,2026-01-06T10:38:18+00:00,2026-01-06T16:07:44.611172+00:00
https://x.com/afcnevers_/status/2008488221966262293,"afcnevers_","What did they see in him 6+ years ",3045,2,0,1,2026-01-06T10:38:02+00:00,2026-01-06T16:07:44.611172+00:00
https://x.com/MaziSamson/status/2008487877081264220,"MaziSamson","6yrs contract? That doesn't guarantee he'll be here till Easter. 

Maresca had 5yrs with an option for a 6th",869,1,0,0,2026-01-06T10:36:40+00:00,2026-01-06T16:07:44.611172+00:00
https://x.com/MaziSamson/status/2008487513351221418,"MaziSamson","He'll be the first English manager to win the Premier League, bookmark this tweet",19498,9,0,1,2026-01-06T10:35:13+00:00,2026-01-06T16:07:44.611172+00:00
https://x.com/mfc_mrpage/status/2008487454710624312,"mfc_mrpage","He will not reach that 2032",3056,37,0,3,2026-01-06T10:34:59+00:00,2026-01-06T16:07:44.611172+00:00
https://x.com/heisizumichaels/status/2008487309109588395,"heisizumichaels","Watch him win EPL before Arteta as Slot did in his first season",1557,0,0,2,2026-01-06T10:34:25+00:00,2026-01-06T16:07:44.611172+00:00
https://x.com/0xSweep/status/2008487295662649709,"0xSweep","Six year contract is insane ",7674,0,0,1,2026-01-06T10:34:21+00:00,2026-01-06T16:07:44.611172+00:00
https://x.com/MobyChe/status/2008487276968575256,"MobyChe","6 and a half year is crazy. Wow",3352,38,0,1,2026-01-06T10:34:17+00:00,2026-01-06T16:07:44.611172+00:00
https://x.com/emaxstatman/status/2008487218831413560,"emaxstatman","Six?",44278,2,0,1,2026-01-06T10:34:03+00:00,2026-01-06T16:07:44.611172+00:00
https://x.com/CFCDaily/status/2008487030599413996,"CFCDaily","Can‚Äôt get my head around giving him a contract until 2032 unless it‚Äôs the only reason he put pen to paper.",44460,865,20,16,2026-01-06T10:33:18+00:00,2026-01-06T16:07:44.611172+00:00
https://x.com/zenbuda/status/2008486868141342921,"zenbuda","Lez go congratulations to the man",2480,0,0,1,2026-01-06T10:32:39+00:00,2026-01-06T16:07:44.611172+00:00
https://x.com/RealJackPoor/status/2008486767679488028,"RealJackPoor","They might probably sack him before 2032",23449,8,0,2,2026-01-06T10:32:15+00:00,2026-01-06T16:07:44.611172+00:00
https://x.com/willreyner/status/2008486565421748418,"willreyner","2032? Jesus that‚Äôs crazy. 

No pressure!",4763,45,0,2,2026-01-06T10:31:27+00:00,2026-01-06T16:07:44.611172+00:00
https://x.com/hasanalnaqour/status/2008486562338926678,"hasanalnaqour","Unfortunately ",4130,17,1,1,2026-01-06T10:31:26+00:00,2026-01-06T16:07:44.611172+00:00
https://x.com/andrazz_/status/2008486477739815001,"andrazz_","I give him 6 months.",18381,248,0,2,2026-01-06T10:31:06+00:00,2026-01-06T16:07:44.611172+00:00
https://x.com/Usman_Igwe09/status/2008486403894829432,"Usman_Igwe09","Wait I don‚Äôt even know this guy",1272,4,1,0,2026-01-06T10:30:49+00:00,2026-01-06T16:07:44.611172+00:00
https://x.com/Leumaswazhere2/status/2008486382503948798,"Leumaswazhere2","He's gonna be gone in 2 years max",22799,1162,9,6,2026-01-06T10:30:44+00:00,2026-01-06T16:07:44.611172+00:00
https://x.com/Hribson/status/2008486272021725621,"Hribson","6 years and 7 months",2135,1,0,2,2026-01-06T10:30:17+00:00,2026-01-06T16:07:44.611172+00:00
https://x.com/CfcDan_01/status/2008486248202260655,"CfcDan_01","He will win trophies before Arteta",595,2,0,0,2026-01-06T10:30:12+00:00,2026-01-06T16:07:44.611172+00:00
https://x.com/YemiFirstson/status/2008486082053390526,"YemiFirstson","Welcome to the best club ",1135,5,0,3,2026-01-06T10:29:32+00:00,2026-01-06T16:07:44.611172+00:00
https://x.com/dchukwutem85/status/2008486070057660567,"dchukwutem85","Welcome",3854,2,0,0,2026-01-06T10:29:29+00:00,2026-01-06T16:07:44.611172+00:00
https://x.com/flowzki/status/2008485956530434472,"flowzki","LOL chelsea with another PE teacher .. zero experience at the top but straight to the EPL we shall see what this is all about",2178,16,1,2,2026-01-06T10:29:02+00:00,2026-01-06T16:07:44.611172+00:00
https://x.com/theadeszn/status/2008485943964299436,"theadeszn","WE‚ÄôRE DOOMED, 6 YEARS AND HALF CONTRACT???",17234,26,1,7,2026-01-06T10:28:59+00:00,2026-01-06T16:07:44.611172+00:00
https://x.com/EmenaIo/status/2008485935575712086,"EmenaIo","Clearlake have their yes man. Congratulations to all involved! Onto the next one.",7750,127,2,8,2026-01-06T10:28:57+00:00,2026-01-06T16:07:44.611172+00:00
https://x.com/ARA_onX/status/2008485884577148962,"ARA_onX","Can bet he won't last till 2030

No be Chelsea? ",636,2,0,1,2026-01-06T10:28:45+00:00,2026-01-06T16:07:44.611172+00:00
https://x.com/BettingTipsMan/status/2008485841513992214,"BettingTipsMan","Make Dalot your first signing",9547,31,1,7,2026-01-06T10:28:35+00:00,2026-01-06T16:07:44.611172+00:00
https://x.com/_kobbyphocus/status/2008485839081497007,"_kobbyphocus","Dear Chelsea fans let‚Äôs forget what happened to Maresca and give Liam our full support ",23539,307,8,28,2026-01-06T10:28:34+00:00,2026-01-06T16:07:44.611172+00:00
https://x.com/DjaniWhaleSkul/status/2008485833414991959,"DjaniWhaleSkul","Wait?? Why they give him 6 years contract what does this guy have managed before? It‚Äôs crazy to give someone such long contracts.",7374,3,0,1,2026-01-06T10:28:33+00:00,2026-01-06T16:07:44.611172+00:00
https://x.com/TheCryptoYapper/status/2008485814779740361,"TheCryptoYapper","Bro looks like Memphis Depay",129,1,0,0,2026-01-06T10:28:28+00:00,2026-01-06T16:07:44.611172+00:00
https://x.com/CfcBlay/status/2008485789076713699,"CfcBlay","CHELSEA FANS CONNECT 

I AM CURRENTLY FB ALL CHELSEA FAN I. HERE ASAP",12434,55,1,8,2026-01-06T10:28:22+00:00,2026-01-06T16:07:44.611172+00:00
https://x.com/The_Stat_Guy_10/status/2008485719455715451,"The_Stat_Guy_10","Liam Rosenior build-up play is genuinely elite

 He baits the press and controls the tempo from deep

‚óâ Youngest Squad in Ligue 1
‚óâ Beaten Marseille & Lille

Welcome To Chelsea Liam",12933,70,9,7,2026-01-06T10:28:06+00:00,2026-01-06T16:07:44.611172+00:00
https://x.com/flyest/status/2008485719153758210,"flyest","6 year deal with the devil is crazy",2095,0,0,0,2026-01-06T10:28:05+00:00,2026-01-06T16:07:44.611172+00:00
https://x.com/Strictlyirene/status/2008485611313811824,"Strictlyirene","6.5 years? Bold from Chelsea.",1983,9,0,0,2026-01-06T10:27:40+00:00,2026-01-06T16:07:44.611172+00:00
https://x.com/Riiyikeh/status/2008485572558680224,"Riiyikeh","",218,0,0,0,2026-01-06T10:27:31+00:00,2026-01-06T16:07:44.611172+00:00
https://x.com/footballcorn/status/2008485558524223862,"footballcorn","Most people will focus on the name. The contract length is the real story.

Six and a half years tells you Chelsea are selling patience, identity, and a full reset. This is a clear message to the squad too: the coach isn‚Äôt the short-term fix anymore, you are. Now it‚Äôs on the club",6863,28,1,5,2026-01-06T10:27:27+00:00,2026-01-06T16:07:44.611172+00:00
https://x.com/PiLordd/status/2008485549028372552,"PiLordd","I will picking him to be the first manager to be sacked this season on 
@trylimitless
 prediction market",1271,4,0,2,2026-01-06T10:27:25+00:00,2026-01-06T16:07:44.611172+00:00
https://x.com/pythaginboots/status/2008485544448442748,"pythaginboots","",18390,44,6,0,2026-01-06T10:27:24+00:00,2026-01-06T16:07:44.611172+00:00
https://x.com/SikiruAdepoju/status/2008485539683725637,"SikiruAdepoju","@grok
 who is Liam Rosenior, what has he achieved ?",15716,9,0,4,2026-01-06T10:27:23+00:00,2026-01-06T16:07:44.611172+00:00
https://x.com/Only1Tommo96/status/2008485527004287014,"Only1Tommo96","Who even is he? Chelsea are the new Brighton fc",2249,12,0,0,2026-01-06T10:27:20+00:00,2026-01-06T16:07:44.611172+00:00
https://x.com/fere_ai/status/2008485513964212676,"fere_ai","Since when did long contracts stop being a countdown timer at this club?",28755,1,0,1,2026-01-06T10:27:17+00:00,2026-01-06T16:07:44.611172+00:00
https://x.com/CfcBlay/status/2008485508532629661,"CfcBlay","Welcome to the best club in the world 
Laim",13968,108,0,5,2026-01-06T10:27:15+00:00,2026-01-06T16:07:44.611172+00:00
https://x.com/spyderrSOL/status/2008485499640705131,"spyderrSOL","Congrats to him‚Ä¶. But that length of contract is too much 

This club need to learn 

So fuvkinh disappointed",26096,106,0,3,2026-01-06T10:27:13+00:00,2026-01-06T16:07:44.611172+00:00
https://x.com/Riiyikeh/status/2008485494179721557,"Riiyikeh","",294,0,0,0,2026-01-06T10:27:12+00:00,2026-01-06T16:07:44.611172+00:00
https://x.com/pythaginboots/status/2008485466807439836,"pythaginboots","Liam Rosenior ‚Ä¢ Managerial Scout Report 

Why his Hull tactics and NOT Strasbourg are more suited to Chelsea FOR NOW

ELITE defensive numbers (best at reducing shot quality)

WEAK creative output bailed by efficiency

Full Vid:  
https://
youtu.be/Jaeaam03F1s

#cfc #ChelseaFC",10847,4,0,0,2026-01-06T10:27:05+00:00,2026-01-06T16:07:44.611172+00:00
https://x.com/hazzaa_sa/status/2008485451351388546,"hazzaa_sa","ÿµÿßŸÑÿ≠ ÿßŸÑÿµŸÇÿ±Ÿä ÿßÿπŸÇŸÑ",913,2,0,1,2026-01-06T10:27:02+00:00,2026-01-06T16:07:44.611172+00:00
https://x.com/Riiyikeh/status/2008485439653413095,"Riiyikeh","Impressive",852,0,0,0,2026-01-06T10:26:59+00:00,2026-01-06T16:07:44.611172+00:00
https://x.com/Only1Tommo96/status/2008485422738145524,"Only1Tommo96","Yeah okay",1796,2,0,0,2026-01-06T10:26:55+00:00,2026-01-06T16:07:44.611172+00:00
https://x.com/Kryptonomanos/status/2008485418833211584,"Kryptonomanos","Eghbali is clawn",190,2,0,0,2026-01-06T10:26:54+00:00,2026-01-06T16:07:44.611172+00:00
https://x.com/Derick_Connect/status/2008485414403735980,"Derick_Connect","Best Coach in the world",483,2,0,0,2026-01-06T10:26:53+00:00,2026-01-06T16:07:44.611172+00:00
https://x.com/ole_eth/status/2008485416551260657,"ole_eth","Hee looks like that he saw Jesus",9823,1,0,1,2026-01-06T10:26:53+00:00,2026-01-06T16:07:44.611172+00:00
https://x.com/0xSloaan/status/2008485412172689910,"0xSloaan","Bruh they aren‚Äôt a serious club",458,3,0,0,2026-01-06T10:26:52+00:00,2026-01-06T16:07:44.611172+00:00
https://x.com/Riiyikeh/status/2008485407630258287,"Riiyikeh","Let‚Äôs go",1389,2,0,0,2026-01-06T10:26:51+00:00,2026-01-06T16:07:44.611172+00:00
https://x.com/Lummox_eth/status/2008485400642547982,"Lummox_eth","Good luck",5979,2,0,0,2026-01-06T10:26:50+00:00,2026-01-06T16:07:44.611172+00:00
https://x.com/0xAndros/status/1998859077494210771,"0xAndros","stop overthinking your content

just use 
@growthterminal",493,203,77,26,2026-01-06T16:07:15.925+00:00,2026-01-06T16:07:14.553714+00:00
https://x.com/GabbyDarko/status/2008568586391220279,"GabbyDarko","Wishing the young man all the best.  Great inspiration for many others, if you know what I mean.",133,2,0,0,2026-01-06T15:57:23+00:00,2026-01-06T16:07:14.553714+00:00
https://x.com/OBAF4U/status/2008496184604938639,"OBAF4U","Regardless of coach, we are Chelsea  - The Pride of London ",2374,9,0,0,2026-01-06T11:09:41+00:00,2026-01-06T16:07:14.553714+00:00
https://x.com/AdamHODL/status/2008489787611902028,"AdamHODL","You‚Äôre telling me a manager that has never won a trophy, and averaged less than a 45% win rate in his managerial career has taken a 6 and a half year contract



Chelsea‚Äôs ownership need to be studied.",64188,1170,40,45,2026-01-06T10:44:15+00:00,2026-01-06T16:07:14.553714+00:00
https://x.com/the_marcoliboy/status/2008489123271905613,"the_marcoliboy","isn‚Äôt that Depay?",92613,1493,14,23,2026-01-06T10:41:37+00:00,2026-01-06T16:07:14.553714+00:00
https://x.com/FreshBossTips/status/2008488025047892037,"FreshBossTips","How good is this guy?",13563,7,0,7,2026-01-06T10:37:15+00:00,2026-01-06T16:07:14.553714+00:00
https://x.com/TheMahleek/status/2008486295266365480,"TheMahleek","6 years & half contract, like they won‚Äôt sack him before 2027",68770,3211,56,27,2026-01-06T10:30:23+00:00,2026-01-06T16:07:14.553714+00:00
https://x.com/ChuchoMaine/status/2008485897503993884,"ChuchoMaine","Welcome to Chelsea Liam Rosenior 

My favorite Tech Bro",32800,163,4,4,2026-01-06T10:28:48+00:00,2026-01-06T16:07:14.553714+00:00
https://x.com/xol_knvg/status/2008485837831635069,"xol_knvg",".
@grok
 what‚Äôs Liam stats as a manager and trophies won",93758,6,0,6,2026-01-06T10:28:34+00:00,2026-01-06T16:07:14.553714+00:00
https://x.com/Lfc_samie/status/2008485791799144845,"Lfc_samie","Damn, he‚Äôs got same premier league trophies as Arteta in 7 years at Arsenal and he hasn‚Äôt managed any Chelsea game ",65622,430,24,30,2026-01-06T10:28:23+00:00,2026-01-06T16:07:14.553714+00:00
https://x.com/ChuchoMaine/status/2008485756336242801,"ChuchoMaine","MY FUCKING MANAGER ",95775,334,33,32,2026-01-06T10:28:14+00:00,2026-01-06T16:07:14.553714+00:00
https://x.com/UtdForever7/status/2008485488085397998,"UtdForever7","United fan on Chelsea job ‚Äî Todd Boehly masterpiece",18363,65,0,3,2026-01-06T10:27:10+00:00,2026-01-06T16:07:14.553714+00:00
https://x.com/FabrizioRomano/status/2008485335592747297,"FabrizioRomano"," OFFICIAL: Chelsea confirm Liam Rosenior as their new head coach on a contract valid until June 2032.

Six year and half contract for the new coach.",0,59410,9390,5612,2026-01-06T10:26:34+00:00,2026-01-06T16:07:14.553714+00:00